cheque_number,account_number,status,payee_name,amount_limit
000100,9000010001,ISSUED,Fatima Petrov,500000.0
000101,9000010001,ISSUED,Foundry Systems,500000.0
000102,9000010001,STOPPED,Foundry Systems,500000.0
000103,9000010001,ISSUED,Foundry Systems,500000.0
000104,9000010001,CANCELLED,Foundry Systems,500000.0
000105,9000010001,ISSUED,Willow Traders,500000.0
000106,9000010001,ISSUED,Willow Traders,500000.0
000107,9000010001,ISSUED,Foundry Systems,500000.0
000108,9000010001,ISSUED,Kwame Rossi,500000.0
000109,9000010001,ISSUED,Kwame Rossi,500000.0
000110,9000010001,ISSUED,Fatima Petrov,500000.0
000111,9000010001,ISSUED,Fatima Petrov,500000.0
000112,9000010001,ISSUED,Kwame Rossi,500000.0
000113,9000010001,ISSUED,Kwame Rossi,500000.0
000114,9000010001,ISSUED,Willow Traders,500000.0
000115,9000010001,ISSUED,Foundry Systems,500000.0
000116,9000010001,ISSUED,Willow Traders,500000.0
000117,9000010001,ISSUED,Willow Traders,500000.0
000118,9000010001,ISSUED,Foundry Systems,500000.0
000119,9000010001,ISSUED,Kwame Rossi,500000.0
000120,9000010001,ISSUED,Willow Traders,500000.0
000121,9000010001,ISSUED,Foundry Systems,500000.0
000122,9000010001,ISSUED,Fatima Petrov,500000.0
000123,9000010001,ISSUED,Willow Traders,500000.0
000124,9000010001,ISSUED,Fatima Petrov,500000.0
000125,9000010001,ISSUED,Kwame Rossi,500000.0
000126,9000010001,ISSUED,Willow Traders,500000.0
000127,9000010001,ISSUED,Kwame Rossi,500000.0
000128,9000010001,ISSUED,Willow Traders,500000.0
000129,9000010001,ISSUED,Willow Traders,500000.0
000130,9000010001,ISSUED,Foundry Systems,500000.0
000131,9000010001,ISSUED,Fatima Petrov,500000.0
000132,9000010001,ISSUED,Willow Traders,500000.0
000133,9000010001,ISSUED,Willow Traders,500000.0
000134,9000010001,ISSUED,Fatima Petrov,500000.0
000135,9000010001,ISSUED,Kwame Rossi,500000.0
000136,9000010001,ISSUED,Fatima Petrov,500000.0
000137,9000010001,ISSUED,Kwame Rossi,500000.0
000138,9000010001,ISSUED,Foundry Systems,500000.0
000139,9000010001,ISSUED,Kwame Rossi,500000.0
000140,9000010001,ISSUED,Willow Traders,500000.0
000141,9000010001,ISSUED,Fatima Petrov,500000.0
000142,9000010001,ISSUED,Kwame Rossi,500000.0
000143,9000010001,ISSUED,Willow Traders,500000.0
000144,9000010001,ISSUED,Foundry Systems,500000.0
000145,9000010001,ISSUED,Foundry Systems,500000.0
000146,9000010001,ISSUED,Foundry Systems,500000.0
000147,9000010001,ISSUED,Foundry Systems,500000.0
000148,9000010001,ISSUED,Willow Traders,500000.0
000149,9000010001,ISSUED,Kwame Rossi,500000.0
000200,9000010002,ISSUED,Bluepeak Distributors,500000.0
000201,9000010002,ISSUED,Bluepeak Distributors,500000.0
000202,9000010002,ISSUED,Harbor Trading Co,500000.0
000203,9000010002,ISSUED,Bluepeak Distributors,500000.0
000204,9000010002,ISSUED,Willow Systems,500000.0
000205,9000010002,ISSUED,Bluepeak Distributors,500000.0
000206,9000010002,ISSUED,Harbor Trading Co,500000.0
000207,9000010002,ISSUED,Harbor Trading Co,500000.0
000208,9000010002,ISSUED,Dara Reyes,500000.0
000209,9000010002,ISSUED,Bluepeak Distributors,500000.0
000210,9000010002,ISSUED,Willow Systems,500000.0
000211,9000010002,ISSUED,Harbor Trading Co,500000.0
000212,9000010002,ISSUED,Dara Reyes,500000.0
000213,9000010002,ISSUED,Willow Systems,500000.0
000214,9000010002,ISSUED,Dara Reyes,500000.0
000215,9000010002,ISSUED,Willow Systems,500000.0
000216,9000010002,ISSUED,Bluepeak Distributors,500000.0
000217,9000010002,ISSUED,Willow Systems,500000.0
000218,9000010002,ISSUED,Bluepeak Distributors,500000.0
000219,9000010002,ISSUED,Willow Systems,500000.0
000220,9000010002,ISSUED,Bluepeak Distributors,500000.0
000221,9000010002,ISSUED,Harbor Trading Co,500000.0
000222,9000010002,ISSUED,Bluepeak Distributors,500000.0
000223,9000010002,ISSUED,Willow Systems,500000.0
000224,9000010002,ISSUED,Bluepeak Distributors,500000.0
000225,9000010002,ISSUED,Bluepeak Distributors,500000.0
000226,9000010002,ISSUED,Willow Systems,500000.0
000227,9000010002,ISSUED,Bluepeak Distributors,500000.0
000228,9000010002,ISSUED,Harbor Trading Co,500000.0
000229,9000010002,ISSUED,Bluepeak Distributors,500000.0
000230,9000010002,ISSUED,Harbor Trading Co,500000.0
000231,9000010002,ISSUED,Dara Reyes,500000.0
000232,9000010002,ISSUED,Willow Systems,500000.0
000233,9000010002,ISSUED,Willow Systems,500000.0
000234,9000010002,ISSUED,Bluepeak Distributors,500000.0
000235,9000010002,ISSUED,Harbor Trading Co,500000.0
000236,9000010002,ISSUED,Willow Systems,500000.0
000237,9000010002,ISSUED,Willow Systems,500000.0
000238,9000010002,ISSUED,Harbor Trading Co,500000.0
000239,9000010002,ISSUED,Harbor Trading Co,500000.0
000240,9000010002,ISSUED,Willow Systems,500000.0
000241,9000010002,ISSUED,Harbor Trading Co,500000.0
000242,9000010002,ISSUED,Bluepeak Distributors,500000.0
000243,9000010002,ISSUED,Harbor Trading Co,500000.0
000244,9000010002,ISSUED,Harbor Trading Co,500000.0
000245,9000010002,ISSUED,Willow Systems,500000.0
000246,9000010002,ISSUED,Willow Systems,500000.0
000247,9000010002,ISSUED,Dara Reyes,500000.0
000248,9000010002,ISSUED,Bluepeak Distributors,500000.0
000249,9000010002,ISSUED,Dara Reyes,500000.0
000300,9000010003,ISSUED,Harbor Trading Co,500000.0
000301,9000010003,ISSUED,Omar Novak,500000.0
000302,9000010003,ISSUED,Omar Novak,500000.0
000303,9000010003,ISSUED,Foundry Systems,500000.0
000304,9000010003,ISSUED,Summit Supplies,500000.0
000305,9000010003,ISSUED,Foundry Systems,500000.0
000306,9000010003,ISSUED,Foundry Systems,500000.0
000307,9000010003,ISSUED,Summit Supplies,500000.0
000308,9000010003,ISSUED,Omar Novak,500000.0
000309,9000010003,ISSUED,Foundry Systems,500000.0
000310,9000010003,ISSUED,Foundry Systems,500000.0
000311,9000010003,ISSUED,Summit Supplies,500000.0
000312,9000010003,ISSUED,Foundry Systems,500000.0
000313,9000010003,ISSUED,Omar Novak,500000.0
000314,9000010003,ISSUED,Summit Supplies,500000.0
000315,9000010003,ISSUED,Omar Novak,500000.0
000316,9000010003,ISSUED,Summit Supplies,500000.0
000317,9000010003,ISSUED,Harbor Trading Co,500000.0
000318,9000010003,ISSUED,Foundry Systems,500000.0
000319,9000010003,ISSUED,Summit Supplies,500000.0
000320,9000010003,ISSUED,Harbor Trading Co,500000.0
000321,9000010003,ISSUED,Foundry Systems,500000.0
000322,9000010003,ISSUED,Summit Supplies,500000.0
000323,9000010003,ISSUED,Foundry Systems,500000.0
000324,9000010003,ISSUED,Omar Novak,500000.0
000325,9000010003,ISSUED,Omar Novak,500000.0
000326,9000010003,ISSUED,Foundry Systems,500000.0
000327,9000010003,ISSUED,Summit Supplies,500000.0
000328,9000010003,ISSUED,Omar Novak,500000.0
000329,9000010003,ISSUED,Summit Supplies,500000.0
000330,9000010003,ISSUED,Summit Supplies,500000.0
000331,9000010003,ISSUED,Foundry Systems,500000.0
000332,9000010003,ISSUED,Foundry Systems,500000.0
000333,9000010003,ISSUED,Harbor Trading Co,500000.0
000334,9000010003,ISSUED,Foundry Systems,500000.0
000335,9000010003,ISSUED,Foundry Systems,500000.0
000336,9000010003,ISSUED,Summit Supplies,500000.0
000337,9000010003,ISSUED,Harbor Trading Co,500000.0
000338,9000010003,ISSUED,Omar Novak,500000.0
000339,9000010003,ISSUED,Harbor Trading Co,500000.0
000340,9000010003,ISSUED,Harbor Trading Co,500000.0
000341,9000010003,ISSUED,Summit Supplies,500000.0
000342,9000010003,ISSUED,Foundry Systems,500000.0
000343,9000010003,ISSUED,Summit Supplies,500000.0
000344,9000010003,ISSUED,Foundry Systems,500000.0
000345,9000010003,ISSUED,Harbor Trading Co,500000.0
000346,9000010003,ISSUED,Harbor Trading Co,500000.0
000347,9000010003,ISSUED,Summit Supplies,500000.0
000348,9000010003,ISSUED,Foundry Systems,500000.0
000349,9000010003,ISSUED,Harbor Trading Co,500000.0
000400,9000010004,ISSUED,Diego Okafor,500000.0
000401,9000010004,ISSUED,Dara Reyes,500000.0
000402,9000010004,ISSUED,Dara Reyes,500000.0
000403,9000010004,ISSUED,Dara Reyes,500000.0
000404,9000010004,ISSUED,Willow Traders,500000.0
000405,9000010004,ISSUED,Harbor Services,500000.0
000406,9000010004,ISSUED,Dara Reyes,500000.0
000407,9000010004,ISSUED,Harbor Services,500000.0
000408,9000010004,ISSUED,Harbor Services,500000.0
000409,9000010004,ISSUED,Willow Traders,500000.0
000410,9000010004,ISSUED,Willow Traders,500000.0
000411,9000010004,ISSUED,Dara Reyes,500000.0
000412,9000010004,ISSUED,Diego Okafor,500000.0
000413,9000010004,ISSUED,Diego Okafor,500000.0
000414,9000010004,ISSUED,Dara Reyes,500000.0
000415,9000010004,ISSUED,Harbor Services,500000.0
000416,9000010004,ISSUED,Willow Traders,500000.0
000417,9000010004,ISSUED,Willow Traders,500000.0
000418,9000010004,ISSUED,Diego Okafor,500000.0
000419,9000010004,ISSUED,Harbor Services,500000.0
000420,9000010004,ISSUED,Dara Reyes,500000.0
000421,9000010004,ISSUED,Diego Okafor,500000.0
000422,9000010004,ISSUED,Willow Traders,500000.0
000423,9000010004,ISSUED,Harbor Services,500000.0
000424,9000010004,ISSUED,Willow Traders,500000.0
000425,9000010004,ISSUED,Willow Traders,500000.0
000426,9000010004,ISSUED,Willow Traders,500000.0
000427,9000010004,ISSUED,Dara Reyes,500000.0
000428,9000010004,ISSUED,Dara Reyes,500000.0
000429,9000010004,ISSUED,Dara Reyes,500000.0
000430,9000010004,ISSUED,Harbor Services,500000.0
000431,9000010004,ISSUED,Dara Reyes,500000.0
000432,9000010004,ISSUED,Willow Traders,500000.0
000433,9000010004,ISSUED,Diego Okafor,500000.0
000434,9000010004,ISSUED,Diego Okafor,500000.0
000435,9000010004,ISSUED,Dara Reyes,500000.0
000436,9000010004,ISSUED,Diego Okafor,500000.0
000437,9000010004,ISSUED,Willow Traders,500000.0
000438,9000010004,ISSUED,Harbor Services,500000.0
000439,9000010004,ISSUED,Diego Okafor,500000.0
000440,9000010004,ISSUED,Dara Reyes,500000.0
000441,9000010004,ISSUED,Harbor Services,500000.0
000442,9000010004,ISSUED,Willow Traders,500000.0
000443,9000010004,ISSUED,Willow Traders,500000.0
000444,9000010004,ISSUED,Willow Traders,500000.0
000445,9000010004,ISSUED,Willow Traders,500000.0
000446,9000010004,ISSUED,Diego Okafor,500000.0
000447,9000010004,ISSUED,Harbor Services,500000.0
000448,9000010004,ISSUED,Harbor Services,500000.0
000449,9000010004,ISSUED,Dara Reyes,500000.0
000500,9000010005,ISSUED,Foundry Supplies,500000.0
000501,9000010005,ISSUED,Maple Supplies,500000.0
000502,9000010005,ISSUED,Fatima Petrov,500000.0
000503,9000010005,ISSUED,Foundry Supplies,500000.0
000504,9000010005,ISSUED,Foundry Supplies,500000.0
000505,9000010005,ISSUED,Foundry Supplies,500000.0
000506,9000010005,ISSUED,Foundry Supplies,500000.0
000507,9000010005,ISSUED,Foundry Supplies,500000.0
000508,9000010005,ISSUED,Willow Systems,500000.0
000509,9000010005,ISSUED,Foundry Supplies,500000.0
000510,9000010005,ISSUED,Willow Systems,500000.0
000511,9000010005,ISSUED,Maple Supplies,500000.0
000512,9000010005,ISSUED,Foundry Supplies,500000.0
000513,9000010005,ISSUED,Willow Systems,500000.0
000514,9000010005,ISSUED,Foundry Supplies,500000.0
000515,9000010005,ISSUED,Willow Systems,500000.0
000516,9000010005,ISSUED,Maple Supplies,500000.0
000517,9000010005,ISSUED,Foundry Supplies,500000.0
000518,9000010005,ISSUED,Willow Systems,500000.0
000519,9000010005,ISSUED,Foundry Supplies,500000.0
000520,9000010005,ISSUED,Fatima Petrov,500000.0
000521,9000010005,ISSUED,Foundry Supplies,500000.0
000522,9000010005,ISSUED,Foundry Supplies,500000.0
000523,9000010005,ISSUED,Willow Systems,500000.0
000524,9000010005,ISSUED,Foundry Supplies,500000.0
000525,9000010005,ISSUED,Foundry Supplies,500000.0
000526,9000010005,ISSUED,Willow Systems,500000.0
000527,9000010005,ISSUED,Foundry Supplies,500000.0
000528,9000010005,ISSUED,Willow Systems,500000.0
000529,9000010005,ISSUED,Foundry Supplies,500000.0
000530,9000010005,ISSUED,Fatima Petrov,500000.0
000531,9000010005,ISSUED,Maple Supplies,500000.0
000532,9000010005,ISSUED,Maple Supplies,500000.0
000533,9000010005,ISSUED,Fatima Petrov,500000.0
000534,9000010005,ISSUED,Fatima Petrov,500000.0
000535,9000010005,ISSUED,Foundry Supplies,500000.0
000536,9000010005,ISSUED,Maple Supplies,500000.0
000537,9000010005,ISSUED,Willow Systems,500000.0
000538,9000010005,ISSUED,Foundry Supplies,500000.0
000539,9000010005,ISSUED,Willow Systems,500000.0
000540,9000010005,ISSUED,Foundry Supplies,500000.0
000541,9000010005,ISSUED,Foundry Supplies,500000.0
000542,9000010005,ISSUED,Maple Supplies,500000.0
000543,9000010005,ISSUED,Fatima Petrov,500000.0
000544,9000010005,ISSUED,Maple Supplies,500000.0
000545,9000010005,ISSUED,Foundry Supplies,500000.0
000546,9000010005,ISSUED,Fatima Petrov,500000.0
000547,9000010005,ISSUED,Willow Systems,500000.0
000548,9000010005,ISSUED,Maple Supplies,500000.0
000549,9000010005,ISSUED,Willow Systems,500000.0
000600,9000010006,ISSUED,Beacon Partners,500000.0
000601,9000010006,ISSUED,Cedar Imports,500000.0
000602,9000010006,ISSUED,Foundry Supplies,500000.0
000603,9000010006,ISSUED,Bluepeak Distributors,500000.0
000604,9000010006,ISSUED,Beacon Partners,500000.0
000605,9000010006,ISSUED,Cedar Imports,500000.0
000606,9000010006,ISSUED,Foundry Supplies,500000.0
000607,9000010006,ISSUED,Cedar Imports,500000.0
000608,9000010006,ISSUED,Beacon Partners,500000.0
000609,9000010006,ISSUED,Bluepeak Distributors,500000.0
000610,9000010006,ISSUED,Beacon Partners,500000.0
000611,9000010006,ISSUED,Beacon Partners,500000.0
000612,9000010006,ISSUED,Bluepeak Distributors,500000.0
000613,9000010006,ISSUED,Beacon Partners,500000.0
000614,9000010006,ISSUED,Bluepeak Distributors,500000.0
000615,9000010006,ISSUED,Bluepeak Distributors,500000.0
000616,9000010006,ISSUED,Cedar Imports,500000.0
000617,9000010006,ISSUED,Foundry Supplies,500000.0
000618,9000010006,ISSUED,Cedar Imports,500000.0
000619,9000010006,ISSUED,Foundry Supplies,500000.0
000620,9000010006,ISSUED,Bluepeak Distributors,500000.0
000621,9000010006,ISSUED,Beacon Partners,500000.0
000622,9000010006,ISSUED,Foundry Supplies,500000.0
000623,9000010006,ISSUED,Foundry Supplies,500000.0
000624,9000010006,ISSUED,Bluepeak Distributors,500000.0
000625,9000010006,ISSUED,Beacon Partners,500000.0
000626,9000010006,ISSUED,Cedar Imports,500000.0
000627,9000010006,ISSUED,Foundry Supplies,500000.0
000628,9000010006,ISSUED,Cedar Imports,500000.0
000629,9000010006,ISSUED,Bluepeak Distributors,500000.0
000630,9000010006,ISSUED,Cedar Imports,500000.0
000631,9000010006,ISSUED,Beacon Partners,500000.0
000632,9000010006,ISSUED,Cedar Imports,500000.0
000633,9000010006,ISSUED,Cedar Imports,500000.0
000634,9000010006,ISSUED,Foundry Supplies,500000.0
000635,9000010006,ISSUED,Cedar Imports,500000.0
000636,9000010006,ISSUED,Bluepeak Distributors,500000.0
000637,9000010006,ISSUED,Cedar Imports,500000.0
000638,9000010006,ISSUED,Cedar Imports,500000.0
000639,9000010006,ISSUED,Beacon Partners,500000.0
000640,9000010006,ISSUED,Bluepeak Distributors,500000.0
000641,9000010006,ISSUED,Bluepeak Distributors,500000.0
000642,9000010006,ISSUED,Foundry Supplies,500000.0
000643,9000010006,ISSUED,Cedar Imports,500000.0
000644,9000010006,ISSUED,Bluepeak Distributors,500000.0
000645,9000010006,ISSUED,Bluepeak Distributors,500000.0
000646,9000010006,ISSUED,Beacon Partners,500000.0
000647,9000010006,ISSUED,Bluepeak Distributors,500000.0
000648,9000010006,ISSUED,Foundry Supplies,500000.0
000649,9000010006,ISSUED,Bluepeak Distributors,500000.0
000700,9000010007,ISSUED,Harbor Services,500000.0
000701,9000010007,ISSUED,Summit Supplies,500000.0
000702,9000010007,ISSUED,Willow Traders,500000.0
000703,9000010007,ISSUED,Summit Supplies,500000.0
000704,9000010007,ISSUED,Willow Traders,500000.0
000705,9000010007,ISSUED,Harbor Services,500000.0
000706,9000010007,ISSUED,Harbor Services,500000.0
000707,9000010007,ISSUED,Foundry Supplies,500000.0
000708,9000010007,ISSUED,Summit Supplies,500000.0
000709,9000010007,ISSUED,Summit Supplies,500000.0
000710,9000010007,ISSUED,Summit Supplies,500000.0
000711,9000010007,ISSUED,Willow Traders,500000.0
000712,9000010007,ISSUED,Willow Traders,500000.0
000713,9000010007,ISSUED,Summit Supplies,500000.0
000714,9000010007,ISSUED,Summit Supplies,500000.0
000715,9000010007,ISSUED,Harbor Services,500000.0
000716,9000010007,ISSUED,Foundry Supplies,500000.0
000717,9000010007,ISSUED,Foundry Supplies,500000.0
000718,9000010007,ISSUED,Willow Traders,500000.0
000719,9000010007,ISSUED,Foundry Supplies,500000.0
000720,9000010007,ISSUED,Summit Supplies,500000.0
000721,9000010007,ISSUED,Willow Traders,500000.0
000722,9000010007,ISSUED,Willow Traders,500000.0
000723,9000010007,ISSUED,Willow Traders,500000.0
000724,9000010007,ISSUED,Harbor Services,500000.0
000725,9000010007,ISSUED,Summit Supplies,500000.0
000726,9000010007,ISSUED,Harbor Services,500000.0
000727,9000010007,ISSUED,Harbor Services,500000.0
000728,9000010007,ISSUED,Willow Traders,500000.0
000729,9000010007,ISSUED,Foundry Supplies,500000.0
000730,9000010007,ISSUED,Foundry Supplies,500000.0
000731,9000010007,ISSUED,Willow Traders,500000.0
000732,9000010007,ISSUED,Harbor Services,500000.0
000733,9000010007,ISSUED,Harbor Services,500000.0
000734,9000010007,ISSUED,Willow Traders,500000.0
000735,9000010007,ISSUED,Willow Traders,500000.0
000736,9000010007,ISSUED,Foundry Supplies,500000.0
000737,9000010007,ISSUED,Summit Supplies,500000.0
000738,9000010007,ISSUED,Foundry Supplies,500000.0
000739,9000010007,ISSUED,Harbor Services,500000.0
000740,9000010007,ISSUED,Foundry Supplies,500000.0
000741,9000010007,ISSUED,Summit Supplies,500000.0
000742,9000010007,ISSUED,Harbor Services,500000.0
000743,9000010007,ISSUED,Willow Traders,500000.0
000744,9000010007,ISSUED,Harbor Services,500000.0
000745,9000010007,ISSUED,Foundry Supplies,500000.0
000746,9000010007,ISSUED,Harbor Services,500000.0
000747,9000010007,ISSUED,Summit Supplies,500000.0
000748,9000010007,ISSUED,Summit Supplies,500000.0
000749,9000010007,ISSUED,Willow Traders,500000.0
000800,9000010008,ISSUED,Grace Rossi,500000.0
000801,9000010008,ISSUED,Harbor Services,500000.0
000802,9000010008,ISSUED,Bluepeak Distributors,500000.0
000803,9000010008,ISSUED,Bluepeak Distributors,500000.0
000804,9000010008,ISSUED,Bluepeak Distributors,500000.0
000805,9000010008,ISSUED,Bluepeak Distributors,500000.0
000806,9000010008,ISSUED,Harbor Services,500000.0
000807,9000010008,ISSUED,Harbor Services,500000.0
000808,9000010008,ISSUED,Harbor Services,500000.0
000809,9000010008,ISSUED,Grace Rossi,500000.0
000810,9000010008,ISSUED,Bluepeak Distributors,500000.0
000811,9000010008,ISSUED,Harbor Services,500000.0
000812,9000010008,ISSUED,Grace Rossi,500000.0
000813,9000010008,ISSUED,Fatima Petrov,500000.0
000814,9000010008,ISSUED,Grace Rossi,500000.0
000815,9000010008,ISSUED,Bluepeak Distributors,500000.0
000816,9000010008,ISSUED,Bluepeak Distributors,500000.0
000817,9000010008,ISSUED,Fatima Petrov,500000.0
000818,9000010008,ISSUED,Bluepeak Distributors,500000.0
000819,9000010008,ISSUED,Bluepeak Distributors,500000.0
000820,9000010008,ISSUED,Grace Rossi,500000.0
000821,9000010008,ISSUED,Grace Rossi,500000.0
000822,9000010008,ISSUED,Bluepeak Distributors,500000.0
000823,9000010008,ISSUED,Grace Rossi,500000.0
000824,9000010008,ISSUED,Grace Rossi,500000.0
000825,9000010008,ISSUED,Grace Rossi,500000.0
000826,9000010008,ISSUED,Bluepeak Distributors,500000.0
000827,9000010008,ISSUED,Fatima Petrov,500000.0
000828,9000010008,ISSUED,Bluepeak Distributors,500000.0
000829,9000010008,ISSUED,Grace Rossi,500000.0
000830,9000010008,ISSUED,Fatima Petrov,500000.0
000831,9000010008,ISSUED,Fatima Petrov,500000.0
000832,9000010008,ISSUED,Bluepeak Distributors,500000.0
000833,9000010008,ISSUED,Grace Rossi,500000.0
000834,9000010008,ISSUED,Harbor Services,500000.0
000835,9000010008,ISSUED,Bluepeak Distributors,500000.0
000836,9000010008,ISSUED,Harbor Services,500000.0
000837,9000010008,ISSUED,Fatima Petrov,500000.0
000838,9000010008,ISSUED,Fatima Petrov,500000.0
000839,9000010008,ISSUED,Grace Rossi,500000.0
000840,9000010008,ISSUED,Bluepeak Distributors,500000.0
000841,9000010008,ISSUED,Grace Rossi,500000.0
000842,9000010008,ISSUED,Harbor Services,500000.0
000843,9000010008,ISSUED,Harbor Services,500000.0
000844,9000010008,ISSUED,Harbor Services,500000.0
000845,9000010008,ISSUED,Harbor Services,500000.0
000846,9000010008,ISSUED,Fatima Petrov,500000.0
000847,9000010008,ISSUED,Bluepeak Distributors,500000.0
000848,9000010008,ISSUED,Bluepeak Distributors,500000.0
000849,9000010008,ISSUED,Harbor Services,500000.0
000900,9000010009,ISSUED,Beacon Partners,500000.0
000901,9000010009,ISSUED,Diego Okafor,500000.0
000902,9000010009,ISSUED,Diego Okafor,500000.0
000903,9000010009,ISSUED,Kwame Silva,500000.0
000904,9000010009,ISSUED,Beacon Partners,500000.0
000905,9000010009,ISSUED,Kwame Silva,500000.0
000906,9000010009,ISSUED,Beacon Partners,500000.0
000907,9000010009,ISSUED,Maple Supplies,500000.0
000908,9000010009,ISSUED,Maple Supplies,500000.0
000909,9000010009,ISSUED,Diego Okafor,500000.0
000910,9000010009,STOPPED,Beacon Partners,500000.0
000911,9000010009,ISSUED,Kwame Silva,500000.0
000912,9000010009,ISSUED,Maple Supplies,500000.0
000913,9000010009,ISSUED,Diego Okafor,500000.0
000914,9000010009,ISSUED,Kwame Silva,500000.0
000915,9000010009,ISSUED,Diego Okafor,500000.0
000916,9000010009,ISSUED,Maple Supplies,500000.0
000917,9000010009,ISSUED,Kwame Silva,500000.0
000918,9000010009,ISSUED,Diego Okafor,500000.0
000919,9000010009,ISSUED,Kwame Silva,500000.0
000920,9000010009,ISSUED,Beacon Partners,500000.0
000921,9000010009,ISSUED,Beacon Partners,500000.0
000922,9000010009,ISSUED,Beacon Partners,500000.0
000923,9000010009,ISSUED,Kwame Silva,500000.0
000924,9000010009,ISSUED,Kwame Silva,500000.0
000925,9000010009,ISSUED,Beacon Partners,500000.0
000926,9000010009,ISSUED,Beacon Partners,500000.0
000927,9000010009,ISSUED,Diego Okafor,500000.0
000928,9000010009,ISSUED,Maple Supplies,500000.0
000929,9000010009,ISSUED,Diego Okafor,500000.0
000930,9000010009,ISSUED,Diego Okafor,500000.0
000931,9000010009,ISSUED,Kwame Silva,500000.0
000932,9000010009,ISSUED,Maple Supplies,500000.0
000933,9000010009,ISSUED,Diego Okafor,500000.0
000934,9000010009,ISSUED,Kwame Silva,500000.0
000935,9000010009,ISSUED,Beacon Partners,500000.0
000936,9000010009,ISSUED,Beacon Partners,500000.0
000937,9000010009,ISSUED,Kwame Silva,500000.0
000938,9000010009,ISSUED,Diego Okafor,500000.0
000939,9000010009,ISSUED,Kwame Silva,500000.0
000940,9000010009,ISSUED,Diego Okafor,500000.0
000941,9000010009,ISSUED,Maple Supplies,500000.0
000942,9000010009,ISSUED,Kwame Silva,500000.0
000943,9000010009,ISSUED,Kwame Silva,500000.0
000944,9000010009,ISSUED,Kwame Silva,500000.0
000945,9000010009,ISSUED,Diego Okafor,500000.0
000946,9000010009,ISSUED,Kwame Silva,500000.0
000947,9000010009,ISSUED,Kwame Silva,500000.0
000948,9000010009,ISSUED,Kwame Silva,500000.0
000949,9000010009,ISSUED,Maple Supplies,500000.0
001000,9000010010,ISSUED,Foundry Systems,500000.0
001001,9000010010,ISSUED,Foundry Systems,500000.0
001002,9000010010,ISSUED,Sofia Ahmed,500000.0
001003,9000010010,ISSUED,Sofia Ahmed,500000.0
001004,9000010010,ISSUED,Ironwood Holdings,500000.0
001005,9000010010,ISSUED,Foundry Systems,500000.0
001006,9000010010,ISSUED,Sofia Ahmed,500000.0
001007,9000010010,ISSUED,Willow Traders,500000.0
001008,9000010010,ISSUED,Ironwood Holdings,500000.0
001009,9000010010,ISSUED,Willow Traders,500000.0
001010,9000010010,ISSUED,Sofia Ahmed,500000.0
001011,9000010010,ISSUED,Sofia Ahmed,500000.0
001012,9000010010,ISSUED,Foundry Systems,500000.0
001013,9000010010,ISSUED,Willow Traders,500000.0
001014,9000010010,ISSUED,Ironwood Holdings,500000.0
001015,9000010010,ISSUED,Willow Traders,500000.0
001016,9000010010,ISSUED,Foundry Systems,500000.0
001017,9000010010,ISSUED,Sofia Ahmed,500000.0
001018,9000010010,ISSUED,Ironwood Holdings,500000.0
001019,9000010010,ISSUED,Sofia Ahmed,500000.0
001020,9000010010,ISSUED,Sofia Ahmed,500000.0
001021,9000010010,ISSUED,Willow Traders,500000.0
001022,9000010010,ISSUED,Sofia Ahmed,500000.0
001023,9000010010,ISSUED,Willow Traders,500000.0
001024,9000010010,ISSUED,Sofia Ahmed,500000.0
001025,9000010010,ISSUED,Sofia Ahmed,500000.0
001026,9000010010,ISSUED,Ironwood Holdings,500000.0
001027,9000010010,ISSUED,Ironwood Holdings,500000.0
001028,9000010010,ISSUED,Foundry Systems,500000.0
001029,9000010010,ISSUED,Willow Traders,500000.0
001030,9000010010,ISSUED,Foundry Systems,500000.0
001031,9000010010,ISSUED,Sofia Ahmed,500000.0
001032,9000010010,ISSUED,Willow Traders,500000.0
001033,9000010010,ISSUED,Foundry Systems,500000.0
001034,9000010010,ISSUED,Foundry Systems,500000.0
001035,9000010010,ISSUED,Sofia Ahmed,500000.0
001036,9000010010,ISSUED,Willow Traders,500000.0
001037,9000010010,ISSUED,Sofia Ahmed,500000.0
001038,9000010010,ISSUED,Sofia Ahmed,500000.0
001039,9000010010,ISSUED,Willow Traders,500000.0
001040,9000010010,ISSUED,Sofia Ahmed,500000.0
001041,9000010010,ISSUED,Willow Traders,500000.0
001042,9000010010,ISSUED,Ironwood Holdings,500000.0
001043,9000010010,ISSUED,Foundry Systems,500000.0
001044,9000010010,ISSUED,Sofia Ahmed,500000.0
001045,9000010010,ISSUED,Willow Traders,500000.0
001046,9000010010,ISSUED,Willow Traders,500000.0
001047,9000010010,ISSUED,Willow Traders,500000.0
001048,9000010010,ISSUED,Ironwood Holdings,500000.0
001049,9000010010,ISSUED,Sofia Ahmed,500000.0
001100,9000010011,ISSUED,Kwame Johnson,500000.0
001101,9000010011,ISSUED,Kwame Silva,500000.0
001102,9000010011,ISSUED,Beacon Partners,500000.0
001103,9000010011,ISSUED,Beacon Partners,500000.0
001104,9000010011,ISSUED,Kwame Silva,500000.0
001105,9000010011,ISSUED,Kwame Silva,500000.0
001106,9000010011,ISSUED,Beacon Partners,500000.0
001107,9000010011,ISSUED,Beacon Partners,500000.0
001108,9000010011,ISSUED,Beacon Partners,500000.0
001109,9000010011,ISSUED,Kwame Johnson,500000.0
001110,9000010011,ISSUED,Beacon Partners,500000.0
001111,9000010011,ISSUED,Kwame Johnson,500000.0
001112,9000010011,ISSUED,Kwame Silva,500000.0
001113,9000010011,ISSUED,Grace Rossi,500000.0
001114,9000010011,ISSUED,Grace Rossi,500000.0
001115,9000010011,ISSUED,Kwame Silva,500000.0
001116,9000010011,ISSUED,Kwame Silva,500000.0
001117,9000010011,ISSUED,Beacon Partners,500000.0
001118,9000010011,ISSUED,Grace Rossi,500000.0
001119,9000010011,ISSUED,Kwame Johnson,500000.0
001120,9000010011,ISSUED,Kwame Silva,500000.0
001121,9000010011,ISSUED,Kwame Silva,500000.0
001122,9000010011,ISSUED,Beacon Partners,500000.0
001123,9000010011,ISSUED,Kwame Silva,500000.0
001124,9000010011,ISSUED,Grace Rossi,500000.0
001125,9000010011,ISSUED,Grace Rossi,500000.0
001126,9000010011,ISSUED,Grace Rossi,500000.0
001127,9000010011,ISSUED,Kwame Silva,500000.0
001128,9000010011,ISSUED,Grace Rossi,500000.0
001129,9000010011,ISSUED,Beacon Partners,500000.0
001130,9000010011,ISSUED,Kwame Johnson,500000.0
001131,9000010011,ISSUED,Grace Rossi,500000.0
001132,9000010011,ISSUED,Kwame Johnson,500000.0
001133,9000010011,ISSUED,Kwame Silva,500000.0
001134,9000010011,ISSUED,Beacon Partners,500000.0
001135,9000010011,ISSUED,Beacon Partners,500000.0
001136,9000010011,ISSUED,Beacon Partners,500000.0
001137,9000010011,ISSUED,Kwame Johnson,500000.0
001138,9000010011,ISSUED,Kwame Johnson,500000.0
001139,9000010011,ISSUED,Kwame Johnson,500000.0
001140,9000010011,ISSUED,Beacon Partners,500000.0
001141,9000010011,ISSUED,Kwame Johnson,500000.0
001142,9000010011,ISSUED,Grace Rossi,500000.0
001143,9000010011,ISSUED,Beacon Partners,500000.0
001144,9000010011,ISSUED,Kwame Johnson,500000.0
001145,9000010011,ISSUED,Kwame Silva,500000.0
001146,9000010011,ISSUED,Kwame Johnson,500000.0
001147,9000010011,ISSUED,Kwame Johnson,500000.0
001148,9000010011,ISSUED,Kwame Johnson,500000.0
001149,9000010011,ISSUED,Grace Rossi,500000.0
001200,9000010012,ISSUED,Willow Systems,500000.0
001201,9000010012,ISSUED,Willow Traders,500000.0
001202,9000010012,ISSUED,Willow Traders,500000.0
001203,9000010012,ISSUED,Willow Traders,500000.0
001204,9000010012,ISSUED,Nora Silva,500000.0
001205,9000010012,ISSUED,Summit Supplies,500000.0
001206,9000010012,ISSUED,Willow Systems,500000.0
001207,9000010012,ISSUED,Nora Silva,500000.0
001208,9000010012,ISSUED,Summit Supplies,500000.0
001209,9000010012,ISSUED,Willow Systems,500000.0
001210,9000010012,ISSUED,Nora Silva,500000.0
001211,9000010012,ISSUED,Nora Silva,500000.0
001212,9000010012,ISSUED,Summit Supplies,500000.0
001213,9000010012,ISSUED,Nora Silva,500000.0
001214,9000010012,ISSUED,Willow Traders,500000.0
001215,9000010012,ISSUED,Willow Systems,500000.0
001216,9000010012,ISSUED,Summit Supplies,500000.0
001217,9000010012,ISSUED,Willow Traders,500000.0
001218,9000010012,ISSUED,Nora Silva,500000.0
001219,9000010012,ISSUED,Willow Traders,500000.0
001220,9000010012,ISSUED,Summit Supplies,500000.0
001221,9000010012,ISSUED,Willow Traders,500000.0
001222,9000010012,ISSUED,Nora Silva,500000.0
001223,9000010012,ISSUED,Willow Traders,500000.0
001224,9000010012,ISSUED,Nora Silva,500000.0
001225,9000010012,ISSUED,Summit Supplies,500000.0
001226,9000010012,ISSUED,Willow Systems,500000.0
001227,9000010012,ISSUED,Nora Silva,500000.0
001228,9000010012,ISSUED,Nora Silva,500000.0
001229,9000010012,ISSUED,Willow Traders,500000.0
001230,9000010012,ISSUED,Nora Silva,500000.0
001231,9000010012,ISSUED,Nora Silva,500000.0
001232,9000010012,ISSUED,Willow Traders,500000.0
001233,9000010012,ISSUED,Willow Traders,500000.0
001234,9000010012,ISSUED,Summit Supplies,500000.0
001235,9000010012,ISSUED,Nora Silva,500000.0
001236,9000010012,ISSUED,Nora Silva,500000.0
001237,9000010012,ISSUED,Nora Silva,500000.0
001238,9000010012,ISSUED,Nora Silva,500000.0
001239,9000010012,ISSUED,Willow Traders,500000.0
001240,9000010012,ISSUED,Willow Traders,500000.0
001241,9000010012,ISSUED,Nora Silva,500000.0
001242,9000010012,ISSUED,Willow Systems,500000.0
001243,9000010012,ISSUED,Summit Supplies,500000.0
001244,9000010012,ISSUED,Summit Supplies,500000.0
001245,9000010012,ISSUED,Willow Systems,500000.0
001246,9000010012,ISSUED,Willow Systems,500000.0
001247,9000010012,ISSUED,Willow Traders,500000.0
001248,9000010012,ISSUED,Willow Systems,500000.0
001249,9000010012,ISSUED,Willow Systems,500000.0
001300,9000010013,ISSUED,Sofia Ahmed,500000.0
001301,9000010013,ISSUED,Nora Silva,500000.0
001302,9000010013,ISSUED,Grace Rossi,500000.0
001303,9000010013,ISSUED,Grace Rossi,500000.0
001304,9000010013,ISSUED,Sofia Ahmed,500000.0
001305,9000010013,ISSUED,Sofia Ahmed,500000.0
001306,9000010013,ISSUED,Sofia Ahmed,500000.0
001307,9000010013,ISSUED,Sofia Ahmed,500000.0
001308,9000010013,ISSUED,Sofia Ahmed,500000.0
001309,9000010013,ISSUED,Sofia Ahmed,500000.0
001310,9000010013,ISSUED,Nora Silva,500000.0
001311,9000010013,ISSUED,Nora Silva,500000.0
001312,9000010013,ISSUED,Cedar Imports,500000.0
001313,9000010013,ISSUED,Grace Rossi,500000.0
001314,9000010013,ISSUED,Grace Rossi,500000.0
001315,9000010013,ISSUED,Sofia Ahmed,500000.0
001316,9000010013,ISSUED,Nora Silva,500000.0
001317,9000010013,ISSUED,Cedar Imports,500000.0
001318,9000010013,ISSUED,Nora Silva,500000.0
001319,9000010013,ISSUED,Nora Silva,500000.0
001320,9000010013,ISSUED,Nora Silva,500000.0
001321,9000010013,ISSUED,Cedar Imports,500000.0
001322,9000010013,ISSUED,Grace Rossi,500000.0
001323,9000010013,ISSUED,Sofia Ahmed,500000.0
001324,9000010013,ISSUED,Grace Rossi,500000.0
001325,9000010013,ISSUED,Grace Rossi,500000.0
001326,9000010013,ISSUED,Sofia Ahmed,500000.0
001327,9000010013,ISSUED,Nora Silva,500000.0
001328,9000010013,ISSUED,Cedar Imports,500000.0
001329,9000010013,ISSUED,Cedar Imports,500000.0
001330,9000010013,ISSUED,Sofia Ahmed,500000.0
001331,9000010013,ISSUED,Cedar Imports,500000.0
001332,9000010013,ISSUED,Grace Rossi,500000.0
001333,9000010013,ISSUED,Sofia Ahmed,500000.0
001334,9000010013,ISSUED,Cedar Imports,500000.0
001335,9000010013,ISSUED,Nora Silva,500000.0
001336,9000010013,ISSUED,Cedar Imports,500000.0
001337,9000010013,ISSUED,Nora Silva,500000.0
001338,9000010013,ISSUED,Nora Silva,500000.0
001339,9000010013,ISSUED,Grace Rossi,500000.0
001340,9000010013,ISSUED,Grace Rossi,500000.0
001341,9000010013,ISSUED,Sofia Ahmed,500000.0
001342,9000010013,ISSUED,Sofia Ahmed,500000.0
001343,9000010013,ISSUED,Cedar Imports,500000.0
001344,9000010013,ISSUED,Sofia Ahmed,500000.0
001345,9000010013,ISSUED,Sofia Ahmed,500000.0
001346,9000010013,ISSUED,Grace Rossi,500000.0
001347,9000010013,ISSUED,Cedar Imports,500000.0
001348,9000010013,ISSUED,Grace Rossi,500000.0
001349,9000010013,ISSUED,Sofia Ahmed,500000.0
001400,9000010014,ISSUED,Foundry Systems,500000.0
001401,9000010014,ISSUED,Ingrid Reyes,500000.0
001402,9000010014,ISSUED,Ingrid Reyes,500000.0
001403,9000010014,ISSUED,Foundry Supplies,500000.0
001404,9000010014,ISSUED,Ingrid Reyes,500000.0
001405,9000010014,ISSUED,Foundry Supplies,500000.0
001406,9000010014,ISSUED,Ingrid Reyes,500000.0
001407,9000010014,ISSUED,Ingrid Reyes,500000.0
001408,9000010014,ISSUED,Ingrid Reyes,500000.0
001409,9000010014,ISSUED,Sanjay Garcia,500000.0
001410,9000010014,ISSUED,Sanjay Garcia,500000.0
001411,9000010014,ISSUED,Ingrid Reyes,500000.0
001412,9000010014,ISSUED,Foundry Supplies,500000.0
001413,9000010014,ISSUED,Foundry Systems,500000.0
001414,9000010014,ISSUED,Foundry Systems,500000.0
001415,9000010014,ISSUED,Foundry Supplies,500000.0
001416,9000010014,ISSUED,Ingrid Reyes,500000.0
001417,9000010014,ISSUED,Sanjay Garcia,500000.0
001418,9000010014,ISSUED,Sanjay Garcia,500000.0
001419,9000010014,ISSUED,Foundry Supplies,500000.0
001420,9000010014,ISSUED,Ingrid Reyes,500000.0
001421,9000010014,ISSUED,Sanjay Garcia,500000.0
001422,9000010014,ISSUED,Sanjay Garcia,500000.0
001423,9000010014,ISSUED,Ingrid Reyes,500000.0
001424,9000010014,ISSUED,Sanjay Garcia,500000.0
001425,9000010014,ISSUED,Foundry Supplies,500000.0
001426,9000010014,ISSUED,Ingrid Reyes,500000.0
001427,9000010014,ISSUED,Foundry Supplies,500000.0
001428,9000010014,ISSUED,Sanjay Garcia,500000.0
001429,9000010014,ISSUED,Sanjay Garcia,500000.0
001430,9000010014,ISSUED,Sanjay Garcia,500000.0
001431,9000010014,ISSUED,Foundry Supplies,500000.0
001432,9000010014,ISSUED,Sanjay Garcia,500000.0
001433,9000010014,ISSUED,Sanjay Garcia,500000.0
001434,9000010014,ISSUED,Ingrid Reyes,500000.0
001435,9000010014,ISSUED,Foundry Systems,500000.0
001436,9000010014,ISSUED,Sanjay Garcia,500000.0
001437,9000010014,ISSUED,Foundry Supplies,500000.0
001438,9000010014,ISSUED,Ingrid Reyes,500000.0
001439,9000010014,ISSUED,Sanjay Garcia,500000.0
001440,9000010014,ISSUED,Foundry Supplies,500000.0
001441,9000010014,ISSUED,Foundry Systems,500000.0
001442,9000010014,ISSUED,Foundry Systems,500000.0
001443,9000010014,ISSUED,Foundry Supplies,500000.0
001444,9000010014,ISSUED,Ingrid Reyes,500000.0
001445,9000010014,ISSUED,Foundry Supplies,500000.0
001446,9000010014,ISSUED,Foundry Supplies,500000.0
001447,9000010014,ISSUED,Foundry Supplies,500000.0
001448,9000010014,ISSUED,Ingrid Reyes,500000.0
001449,9000010014,ISSUED,Foundry Systems,500000.0
001500,9000010015,ISSUED,Foundry Systems,500000.0
001501,9000010015,ISSUED,Omar Novak,500000.0
001502,9000010015,ISSUED,Foundry Systems,500000.0
001503,9000010015,ISSUED,Foundry Systems,500000.0
001504,9000010015,ISSUED,Omar Novak,500000.0
001505,9000010015,ISSUED,Cedar Imports,500000.0
001506,9000010015,ISSUED,Cedar Imports,500000.0
001507,9000010015,ISSUED,Ironwood Holdings,500000.0
001508,9000010015,ISSUED,Omar Novak,500000.0
001509,9000010015,ISSUED,Omar Novak,500000.0
001510,9000010015,ISSUED,Cedar Imports,500000.0
001511,9000010015,ISSUED,Cedar Imports,500000.0
001512,9000010015,ISSUED,Ironwood Holdings,500000.0
001513,9000010015,ISSUED,Omar Novak,500000.0
001514,9000010015,ISSUED,Omar Novak,500000.0
001515,9000010015,ISSUED,Foundry Systems,500000.0
001516,9000010015,ISSUED,Cedar Imports,500000.0
001517,9000010015,ISSUED,Foundry Systems,500000.0
001518,9000010015,ISSUED,Ironwood Holdings,500000.0
001519,9000010015,ISSUED,Cedar Imports,500000.0
001520,9000010015,ISSUED,Ironwood Holdings,500000.0
001521,9000010015,ISSUED,Ironwood Holdings,500000.0
001522,9000010015,ISSUED,Cedar Imports,500000.0
001523,9000010015,ISSUED,Omar Novak,500000.0
001524,9000010015,ISSUED,Ironwood Holdings,500000.0
001525,9000010015,ISSUED,Foundry Systems,500000.0
001526,9000010015,ISSUED,Foundry Systems,500000.0
001527,9000010015,ISSUED,Omar Novak,500000.0
001528,9000010015,ISSUED,Foundry Systems,500000.0
001529,9000010015,ISSUED,Foundry Systems,500000.0
001530,9000010015,ISSUED,Omar Novak,500000.0
001531,9000010015,ISSUED,Foundry Systems,500000.0
001532,9000010015,ISSUED,Omar Novak,500000.0
001533,9000010015,ISSUED,Cedar Imports,500000.0
001534,9000010015,ISSUED,Foundry Systems,500000.0
001535,9000010015,ISSUED,Ironwood Holdings,500000.0
001536,9000010015,ISSUED,Omar Novak,500000.0
001537,9000010015,ISSUED,Cedar Imports,500000.0
001538,9000010015,ISSUED,Foundry Systems,500000.0
001539,9000010015,ISSUED,Ironwood Holdings,500000.0
001540,9000010015,ISSUED,Foundry Systems,500000.0
001541,9000010015,ISSUED,Cedar Imports,500000.0
001542,9000010015,ISSUED,Ironwood Holdings,500000.0
001543,9000010015,ISSUED,Omar Novak,500000.0
001544,9000010015,ISSUED,Foundry Systems,500000.0
001545,9000010015,ISSUED,Omar Novak,500000.0
001546,9000010015,ISSUED,Cedar Imports,500000.0
001547,9000010015,ISSUED,Ironwood Holdings,500000.0
001548,9000010015,ISSUED,Cedar Imports,500000.0
001549,9000010015,ISSUED,Omar Novak,500000.0
001600,9000010016,ISSUED,Diego Okafor,500000.0
001601,9000010016,ISSUED,Cedar Imports,500000.0
001602,9000010016,ISSUED,Diego Okafor,500000.0
001603,9000010016,ISSUED,Cedar Imports,500000.0
001604,9000010016,ISSUED,Cedar Imports,500000.0
001605,9000010016,ISSUED,Grace Rossi,500000.0
001606,9000010016,ISSUED,Sofia Ahmed,500000.0
001607,9000010016,ISSUED,Grace Rossi,500000.0
001608,9000010016,ISSUED,Sofia Ahmed,500000.0
001609,9000010016,ISSUED,Sofia Ahmed,500000.0
001610,9000010016,ISSUED,Sofia Ahmed,500000.0
001611,9000010016,ISSUED,Diego Okafor,500000.0
001612,9000010016,ISSUED,Cedar Imports,500000.0
001613,9000010016,ISSUED,Cedar Imports,500000.0
001614,9000010016,ISSUED,Sofia Ahmed,500000.0
001615,9000010016,ISSUED,Diego Okafor,500000.0
001616,9000010016,ISSUED,Cedar Imports,500000.0
001617,9000010016,ISSUED,Sofia Ahmed,500000.0
001618,9000010016,ISSUED,Grace Rossi,500000.0
001619,9000010016,ISSUED,Sofia Ahmed,500000.0
001620,9000010016,ISSUED,Diego Okafor,500000.0
001621,9000010016,ISSUED,Cedar Imports,500000.0
001622,9000010016,ISSUED,Cedar Imports,500000.0
001623,9000010016,ISSUED,Cedar Imports,500000.0
001624,9000010016,ISSUED,Diego Okafor,500000.0
001625,9000010016,ISSUED,Cedar Imports,500000.0
001626,9000010016,ISSUED,Sofia Ahmed,500000.0
001627,9000010016,ISSUED,Cedar Imports,500000.0
001628,9000010016,ISSUED,Sofia Ahmed,500000.0
001629,9000010016,ISSUED,Diego Okafor,500000.0
001630,9000010016,ISSUED,Diego Okafor,500000.0
001631,9000010016,ISSUED,Cedar Imports,500000.0
001632,9000010016,ISSUED,Grace Rossi,500000.0
001633,9000010016,ISSUED,Diego Okafor,500000.0
001634,9000010016,ISSUED,Diego Okafor,500000.0
001635,9000010016,ISSUED,Diego Okafor,500000.0
001636,9000010016,ISSUED,Diego Okafor,500000.0
001637,9000010016,ISSUED,Diego Okafor,500000.0
001638,9000010016,ISSUED,Cedar Imports,500000.0
001639,9000010016,ISSUED,Sofia Ahmed,500000.0
001640,9000010016,ISSUED,Grace Rossi,500000.0
001641,9000010016,ISSUED,Grace Rossi,500000.0
001642,9000010016,ISSUED,Sofia Ahmed,500000.0
001643,9000010016,ISSUED,Grace Rossi,500000.0
001644,9000010016,ISSUED,Grace Rossi,500000.0
001645,9000010016,ISSUED,Grace Rossi,500000.0
001646,9000010016,ISSUED,Cedar Imports,500000.0
001647,9000010016,ISSUED,Cedar Imports,500000.0
001648,9000010016,ISSUED,Grace Rossi,500000.0
001649,9000010016,ISSUED,Cedar Imports,500000.0
001700,9000010017,ISSUED,Beacon Partners,500000.0
001701,9000010017,ISSUED,Sanjay Garcia,500000.0
001702,9000010017,ISSUED,Beacon Partners,500000.0
001703,9000010017,ISSUED,Beacon Partners,500000.0
001704,9000010017,ISSUED,Kwame Johnson,500000.0
001705,9000010017,ISSUED,Beacon Partners,500000.0
001706,9000010017,ISSUED,Sanjay Garcia,500000.0
001707,9000010017,ISSUED,Kwame Johnson,500000.0
001708,9000010017,ISSUED,Kwame Johnson,500000.0
001709,9000010017,ISSUED,Kwame Johnson,500000.0
001710,9000010017,ISSUED,Kwame Johnson,500000.0
001711,9000010017,ISSUED,Kwame Johnson,500000.0
001712,9000010017,ISSUED,Sanjay Garcia,500000.0
001713,9000010017,ISSUED,Cedar Imports,500000.0
001714,9000010017,ISSUED,Kwame Johnson,500000.0
001715,9000010017,ISSUED,Beacon Partners,500000.0
001716,9000010017,ISSUED,Kwame Johnson,500000.0
001717,9000010017,ISSUED,Cedar Imports,500000.0
001718,9000010017,ISSUED,Beacon Partners,500000.0
001719,9000010017,ISSUED,Sanjay Garcia,500000.0
001720,9000010017,ISSUED,Beacon Partners,500000.0
001721,9000010017,ISSUED,Beacon Partners,500000.0
001722,9000010017,ISSUED,Kwame Johnson,500000.0
001723,9000010017,ISSUED,Sanjay Garcia,500000.0
001724,9000010017,ISSUED,Beacon Partners,500000.0
001725,9000010017,ISSUED,Beacon Partners,500000.0
001726,9000010017,ISSUED,Beacon Partners,500000.0
001727,9000010017,ISSUED,Beacon Partners,500000.0
001728,9000010017,ISSUED,Sanjay Garcia,500000.0
001729,9000010017,ISSUED,Cedar Imports,500000.0
001730,9000010017,ISSUED,Beacon Partners,500000.0
001731,9000010017,ISSUED,Kwame Johnson,500000.0
001732,9000010017,ISSUED,Sanjay Garcia,500000.0
001733,9000010017,ISSUED,Cedar Imports,500000.0
001734,9000010017,ISSUED,Beacon Partners,500000.0
001735,9000010017,ISSUED,Sanjay Garcia,500000.0
001736,9000010017,ISSUED,Sanjay Garcia,500000.0
001737,9000010017,ISSUED,Cedar Imports,500000.0
001738,9000010017,ISSUED,Kwame Johnson,500000.0
001739,9000010017,ISSUED,Kwame Johnson,500000.0
001740,9000010017,ISSUED,Beacon Partners,500000.0
001741,9000010017,ISSUED,Beacon Partners,500000.0
001742,9000010017,ISSUED,Kwame Johnson,500000.0
001743,9000010017,ISSUED,Kwame Johnson,500000.0
001744,9000010017,ISSUED,Beacon Partners,500000.0
001745,9000010017,ISSUED,Beacon Partners,500000.0
001746,9000010017,ISSUED,Beacon Partners,500000.0
001747,9000010017,ISSUED,Cedar Imports,500000.0
001748,9000010017,ISSUED,Beacon Partners,500000.0
001749,9000010017,STOPPED,Kwame Johnson,500000.0
001800,9000010018,ISSUED,Bluepeak Distributors,500000.0
001801,9000010018,ISSUED,Nora Silva,500000.0
001802,9000010018,ISSUED,Bluepeak Distributors,500000.0
001803,9000010018,ISSUED,Ironwood Holdings,500000.0
001804,9000010018,ISSUED,Willow Holdings,500000.0
001805,9000010018,ISSUED,Bluepeak Distributors,500000.0
001806,9000010018,ISSUED,Nora Silva,500000.0
001807,9000010018,ISSUED,Nora Silva,500000.0
001808,9000010018,ISSUED,Nora Silva,500000.0
001809,9000010018,ISSUED,Bluepeak Distributors,500000.0
001810,9000010018,ISSUED,Bluepeak Distributors,500000.0
001811,9000010018,ISSUED,Nora Silva,500000.0
001812,9000010018,ISSUED,Bluepeak Distributors,500000.0
001813,9000010018,ISSUED,Willow Holdings,500000.0
001814,9000010018,ISSUED,Ironwood Holdings,500000.0
001815,9000010018,ISSUED,Bluepeak Distributors,500000.0
001816,9000010018,ISSUED,Bluepeak Distributors,500000.0
001817,9000010018,ISSUED,Nora Silva,500000.0
001818,9000010018,ISSUED,Bluepeak Distributors,500000.0
001819,9000010018,ISSUED,Nora Silva,500000.0
001820,9000010018,ISSUED,Ironwood Holdings,500000.0
001821,9000010018,ISSUED,Nora Silva,500000.0
001822,9000010018,ISSUED,Bluepeak Distributors,500000.0
001823,9000010018,ISSUED,Willow Holdings,500000.0
001824,9000010018,ISSUED,Willow Holdings,500000.0
001825,9000010018,ISSUED,Nora Silva,500000.0
001826,9000010018,ISSUED,Ironwood Holdings,500000.0
001827,9000010018,ISSUED,Bluepeak Distributors,500000.0
001828,9000010018,ISSUED,Bluepeak Distributors,500000.0
001829,9000010018,ISSUED,Bluepeak Distributors,500000.0
001830,9000010018,ISSUED,Bluepeak Distributors,500000.0
001831,9000010018,ISSUED,Willow Holdings,500000.0
001832,9000010018,ISSUED,Willow Holdings,500000.0
001833,9000010018,ISSUED,Willow Holdings,500000.0
001834,9000010018,ISSUED,Willow Holdings,500000.0
001835,9000010018,ISSUED,Ironwood Holdings,500000.0
001836,9000010018,ISSUED,Bluepeak Distributors,500000.0
001837,9000010018,ISSUED,Willow Holdings,500000.0
001838,9000010018,ISSUED,Ironwood Holdings,500000.0
001839,9000010018,ISSUED,Bluepeak Distributors,500000.0
001840,9000010018,ISSUED,Ironwood Holdings,500000.0
001841,9000010018,ISSUED,Willow Holdings,500000.0
001842,9000010018,ISSUED,Willow Holdings,500000.0
001843,9000010018,ISSUED,Bluepeak Distributors,500000.0
001844,9000010018,ISSUED,Bluepeak Distributors,500000.0
001845,9000010018,ISSUED,Nora Silva,500000.0
001846,9000010018,ISSUED,Ironwood Holdings,500000.0
001847,9000010018,ISSUED,Willow Holdings,500000.0
001848,9000010018,ISSUED,Willow Holdings,500000.0
001849,9000010018,ISSUED,Willow Holdings,500000.0
001900,9000010019,ISSUED,Willow Systems,500000.0
001901,9000010019,ISSUED,Willow Systems,500000.0
001902,9000010019,ISSUED,Willow Systems,500000.0
001903,9000010019,ISSUED,Maple Supplies,500000.0
001904,9000010019,ISSUED,Nora Silva,500000.0
001905,9000010019,ISSUED,Nora Silva,500000.0
001906,9000010019,ISSUED,Maple Supplies,500000.0
001907,9000010019,ISSUED,Nora Silva,500000.0
001908,9000010019,ISSUED,Nora Silva,500000.0
001909,9000010019,ISSUED,Willow Systems,500000.0
001910,9000010019,ISSUED,Nora Silva,500000.0
001911,9000010019,ISSUED,Bluepeak Distributors,500000.0
001912,9000010019,ISSUED,Willow Systems,500000.0
001913,9000010019,ISSUED,Nora Silva,500000.0
001914,9000010019,ISSUED,Bluepeak Distributors,500000.0
001915,9000010019,ISSUED,Willow Systems,500000.0
001916,9000010019,ISSUED,Nora Silva,500000.0
001917,9000010019,ISSUED,Nora Silva,500000.0
001918,9000010019,ISSUED,Nora Silva,500000.0
001919,9000010019,ISSUED,Willow Systems,500000.0
001920,9000010019,ISSUED,Nora Silva,500000.0
001921,9000010019,ISSUED,Willow Systems,500000.0
001922,9000010019,ISSUED,Willow Systems,500000.0
001923,9000010019,ISSUED,Bluepeak Distributors,500000.0
001924,9000010019,ISSUED,Willow Systems,500000.0
001925,9000010019,ISSUED,Nora Silva,500000.0
001926,9000010019,ISSUED,Nora Silva,500000.0
001927,9000010019,ISSUED,Willow Systems,500000.0
001928,9000010019,ISSUED,Bluepeak Distributors,500000.0
001929,9000010019,ISSUED,Nora Silva,500000.0
001930,9000010019,ISSUED,Bluepeak Distributors,500000.0
001931,9000010019,ISSUED,Willow Systems,500000.0
001932,9000010019,ISSUED,Maple Supplies,500000.0
001933,9000010019,ISSUED,Bluepeak Distributors,500000.0
001934,9000010019,ISSUED,Bluepeak Distributors,500000.0
001935,9000010019,ISSUED,Willow Systems,500000.0
001936,9000010019,ISSUED,Maple Supplies,500000.0
001937,9000010019,ISSUED,Bluepeak Distributors,500000.0
001938,9000010019,ISSUED,Nora Silva,500000.0
001939,9000010019,ISSUED,Willow Systems,500000.0
001940,9000010019,ISSUED,Maple Supplies,500000.0
001941,9000010019,ISSUED,Maple Supplies,500000.0
001942,9000010019,ISSUED,Bluepeak Distributors,500000.0
001943,9000010019,ISSUED,Maple Supplies,500000.0
001944,9000010019,ISSUED,Maple Supplies,500000.0
001945,9000010019,ISSUED,Maple Supplies,500000.0
001946,9000010019,ISSUED,Nora Silva,500000.0
001947,9000010019,ISSUED,Bluepeak Distributors,500000.0
001948,9000010019,ISSUED,Willow Systems,500000.0
001949,9000010019,ISSUED,Willow Systems,500000.0
002000,9000010020,ISSUED,Diego Okafor,500000.0
002001,9000010020,ISSUED,Ironwood Holdings,500000.0
002002,9000010020,ISSUED,Cedar Imports,500000.0
002003,9000010020,ISSUED,Bluepeak Distributors,500000.0
002004,9000010020,ISSUED,Diego Okafor,500000.0
002005,9000010020,ISSUED,Bluepeak Distributors,500000.0
002006,9000010020,ISSUED,Bluepeak Distributors,500000.0
002007,9000010020,ISSUED,Diego Okafor,500000.0
002008,9000010020,ISSUED,Cedar Imports,500000.0
002009,9000010020,ISSUED,Ironwood Holdings,500000.0
002010,9000010020,ISSUED,Bluepeak Distributors,500000.0
002011,9000010020,ISSUED,Bluepeak Distributors,500000.0
002012,9000010020,ISSUED,Bluepeak Distributors,500000.0
002013,9000010020,ISSUED,Cedar Imports,500000.0
002014,9000010020,ISSUED,Cedar Imports,500000.0
002015,9000010020,ISSUED,Ironwood Holdings,500000.0
002016,9000010020,ISSUED,Ironwood Holdings,500000.0
002017,9000010020,ISSUED,Diego Okafor,500000.0
002018,9000010020,ISSUED,Bluepeak Distributors,500000.0
002019,9000010020,ISSUED,Diego Okafor,500000.0
002020,9000010020,ISSUED,Bluepeak Distributors,500000.0
002021,9000010020,ISSUED,Ironwood Holdings,500000.0
002022,9000010020,ISSUED,Diego Okafor,500000.0
002023,9000010020,ISSUED,Bluepeak Distributors,500000.0
002024,9000010020,ISSUED,Bluepeak Distributors,500000.0
002025,9000010020,ISSUED,Cedar Imports,500000.0
002026,9000010020,ISSUED,Diego Okafor,500000.0
002027,9000010020,ISSUED,Ironwood Holdings,500000.0
002028,9000010020,ISSUED,Bluepeak Distributors,500000.0
002029,9000010020,ISSUED,Cedar Imports,500000.0
002030,9000010020,ISSUED,Ironwood Holdings,500000.0
002031,9000010020,ISSUED,Ironwood Holdings,500000.0
002032,9000010020,ISSUED,Ironwood Holdings,500000.0
002033,9000010020,ISSUED,Bluepeak Distributors,500000.0
002034,9000010020,ISSUED,Cedar Imports,500000.0
002035,9000010020,ISSUED,Diego Okafor,500000.0
002036,9000010020,ISSUED,Cedar Imports,500000.0
002037,9000010020,ISSUED,Diego Okafor,500000.0
002038,9000010020,ISSUED,Cedar Imports,500000.0
002039,9000010020,ISSUED,Bluepeak Distributors,500000.0
002040,9000010020,ISSUED,Cedar Imports,500000.0
002041,9000010020,ISSUED,Diego Okafor,500000.0
002042,9000010020,ISSUED,Cedar Imports,500000.0
002043,9000010020,ISSUED,Diego Okafor,500000.0
002044,9000010020,ISSUED,Cedar Imports,500000.0
002045,9000010020,ISSUED,Ironwood Holdings,500000.0
002046,9000010020,ISSUED,Diego Okafor,500000.0
002047,9000010020,STOPPED,Bluepeak Distributors,500000.0
002048,9000010020,ISSUED,Ironwood Holdings,500000.0
002049,9000010020,ISSUED,Ironwood Holdings,500000.0
002100,9000010021,ISSUED,Dara Reyes,500000.0
002101,9000010021,ISSUED,Willow Traders,500000.0
002102,9000010021,ISSUED,Ingrid Reyes,500000.0
002103,9000010021,ISSUED,Willow Traders,500000.0
002104,9000010021,ISSUED,Dara Reyes,500000.0
002105,9000010021,ISSUED,Willow Traders,500000.0
002106,9000010021,ISSUED,Willow Traders,500000.0
002107,9000010021,ISSUED,Ingrid Reyes,500000.0
002108,9000010021,ISSUED,Willow Traders,500000.0
002109,9000010021,ISSUED,Nora Silva,500000.0
002110,9000010021,ISSUED,Ingrid Reyes,500000.0
002111,9000010021,ISSUED,Ingrid Reyes,500000.0
002112,9000010021,ISSUED,Willow Traders,500000.0
002113,9000010021,ISSUED,Dara Reyes,500000.0
002114,9000010021,ISSUED,Nora Silva,500000.0
002115,9000010021,ISSUED,Dara Reyes,500000.0
002116,9000010021,ISSUED,Nora Silva,500000.0
002117,9000010021,ISSUED,Willow Traders,500000.0
002118,9000010021,ISSUED,Dara Reyes,500000.0
002119,9000010021,ISSUED,Dara Reyes,500000.0
002120,9000010021,ISSUED,Willow Traders,500000.0
002121,9000010021,ISSUED,Willow Traders,500000.0
002122,9000010021,ISSUED,Ingrid Reyes,500000.0
002123,9000010021,ISSUED,Nora Silva,500000.0
002124,9000010021,ISSUED,Ingrid Reyes,500000.0
002125,9000010021,ISSUED,Nora Silva,500000.0
002126,9000010021,ISSUED,Dara Reyes,500000.0
002127,9000010021,ISSUED,Dara Reyes,500000.0
002128,9000010021,ISSUED,Ingrid Reyes,500000.0
002129,9000010021,ISSUED,Ingrid Reyes,500000.0
002130,9000010021,ISSUED,Nora Silva,500000.0
002131,9000010021,ISSUED,Dara Reyes,500000.0
002132,9000010021,ISSUED,Nora Silva,500000.0
002133,9000010021,ISSUED,Ingrid Reyes,500000.0
002134,9000010021,ISSUED,Dara Reyes,500000.0
002135,9000010021,ISSUED,Dara Reyes,500000.0
002136,9000010021,ISSUED,Dara Reyes,500000.0
002137,9000010021,ISSUED,Ingrid Reyes,500000.0
002138,9000010021,ISSUED,Dara Reyes,500000.0
002139,9000010021,ISSUED,Ingrid Reyes,500000.0
002140,9000010021,ISSUED,Nora Silva,500000.0
002141,9000010021,ISSUED,Ingrid Reyes,500000.0
002142,9000010021,ISSUED,Ingrid Reyes,500000.0
002143,9000010021,ISSUED,Willow Traders,500000.0
002144,9000010021,ISSUED,Willow Traders,500000.0
002145,9000010021,ISSUED,Willow Traders,500000.0
002146,9000010021,ISSUED,Dara Reyes,500000.0
002147,9000010021,ISSUED,Willow Traders,500000.0
002148,9000010021,ISSUED,Dara Reyes,500000.0
002149,9000010021,ISSUED,Nora Silva,500000.0
002200,9000010022,ISSUED,Sanjay Garcia,500000.0
002201,9000010022,ISSUED,Sanjay Garcia,500000.0
002202,9000010022,ISSUED,Diego Okafor,500000.0
002203,9000010022,ISSUED,Sanjay Garcia,500000.0
002204,9000010022,ISSUED,Ingrid Reyes,500000.0
002205,9000010022,ISSUED,Ingrid Reyes,500000.0
002206,9000010022,ISSUED,Diego Okafor,500000.0
002207,9000010022,ISSUED,Sanjay Garcia,500000.0
002208,9000010022,ISSUED,Diego Okafor,500000.0
002209,9000010022,ISSUED,Foundry Systems,500000.0
002210,9000010022,ISSUED,Foundry Systems,500000.0
002211,9000010022,ISSUED,Sanjay Garcia,500000.0
002212,9000010022,ISSUED,Diego Okafor,500000.0
002213,9000010022,ISSUED,Ingrid Reyes,500000.0
002214,9000010022,ISSUED,Diego Okafor,500000.0
002215,9000010022,ISSUED,Diego Okafor,500000.0
002216,9000010022,ISSUED,Sanjay Garcia,500000.0
002217,9000010022,ISSUED,Sanjay Garcia,500000.0
002218,9000010022,ISSUED,Foundry Systems,500000.0
002219,9000010022,ISSUED,Ingrid Reyes,500000.0
002220,9000010022,ISSUED,Foundry Systems,500000.0
002221,9000010022,ISSUED,Diego Okafor,500000.0
002222,9000010022,ISSUED,Foundry Systems,500000.0
002223,9000010022,ISSUED,Ingrid Reyes,500000.0
002224,9000010022,ISSUED,Ingrid Reyes,500000.0
002225,9000010022,ISSUED,Diego Okafor,500000.0
002226,9000010022,ISSUED,Sanjay Garcia,500000.0
002227,9000010022,ISSUED,Sanjay Garcia,500000.0
002228,9000010022,ISSUED,Sanjay Garcia,500000.0
002229,9000010022,ISSUED,Sanjay Garcia,500000.0
002230,9000010022,ISSUED,Ingrid Reyes,500000.0
002231,9000010022,ISSUED,Ingrid Reyes,500000.0
002232,9000010022,ISSUED,Diego Okafor,500000.0
002233,9000010022,ISSUED,Foundry Systems,500000.0
002234,9000010022,ISSUED,Ingrid Reyes,500000.0
002235,9000010022,ISSUED,Diego Okafor,500000.0
002236,9000010022,ISSUED,Ingrid Reyes,500000.0
002237,9000010022,ISSUED,Diego Okafor,500000.0
002238,9000010022,ISSUED,Foundry Systems,500000.0
002239,9000010022,ISSUED,Sanjay Garcia,500000.0
002240,9000010022,ISSUED,Ingrid Reyes,500000.0
002241,9000010022,ISSUED,Ingrid Reyes,500000.0
002242,9000010022,ISSUED,Diego Okafor,500000.0
002243,9000010022,ISSUED,Ingrid Reyes,500000.0
002244,9000010022,ISSUED,Foundry Systems,500000.0
002245,9000010022,ISSUED,Ingrid Reyes,500000.0
002246,9000010022,ISSUED,Ingrid Reyes,500000.0
002247,9000010022,ISSUED,Ingrid Reyes,500000.0
002248,9000010022,ISSUED,Diego Okafor,500000.0
002249,9000010022,ISSUED,Diego Okafor,500000.0
002300,9000010023,ISSUED,Diego Okafor,500000.0
002301,9000010023,ISSUED,Diego Okafor,500000.0
002302,9000010023,ISSUED,Fatima Petrov,500000.0
002303,9000010023,ISSUED,Diego Okafor,500000.0
002304,9000010023,ISSUED,Kwame Johnson,500000.0
002305,9000010023,ISSUED,Fatima Petrov,500000.0
002306,9000010023,ISSUED,Fatima Petrov,500000.0
002307,9000010023,ISSUED,Grace Rossi,500000.0
002308,9000010023,ISSUED,Diego Okafor,500000.0
002309,9000010023,ISSUED,Kwame Johnson,500000.0
002310,9000010023,ISSUED,Diego Okafor,500000.0
002311,9000010023,ISSUED,Kwame Johnson,500000.0
002312,9000010023,ISSUED,Kwame Johnson,500000.0
002313,9000010023,ISSUED,Diego Okafor,500000.0
002314,9000010023,ISSUED,Grace Rossi,500000.0
002315,9000010023,ISSUED,Fatima Petrov,500000.0
002316,9000010023,ISSUED,Diego Okafor,500000.0
002317,9000010023,ISSUED,Fatima Petrov,500000.0
002318,9000010023,ISSUED,Kwame Johnson,500000.0
002319,9000010023,ISSUED,Kwame Johnson,500000.0
002320,9000010023,ISSUED,Diego Okafor,500000.0
002321,9000010023,ISSUED,Kwame Johnson,500000.0
002322,9000010023,ISSUED,Kwame Johnson,500000.0
002323,9000010023,ISSUED,Fatima Petrov,500000.0
002324,9000010023,ISSUED,Grace Rossi,500000.0
002325,9000010023,ISSUED,Diego Okafor,500000.0
002326,9000010023,ISSUED,Fatima Petrov,500000.0
002327,9000010023,ISSUED,Kwame Johnson,500000.0
002328,9000010023,ISSUED,Grace Rossi,500000.0
002329,9000010023,ISSUED,Fatima Petrov,500000.0
002330,9000010023,ISSUED,Kwame Johnson,500000.0
002331,9000010023,ISSUED,Fatima Petrov,500000.0
002332,9000010023,ISSUED,Grace Rossi,500000.0
002333,9000010023,ISSUED,Grace Rossi,500000.0
002334,9000010023,ISSUED,Grace Rossi,500000.0
002335,9000010023,ISSUED,Diego Okafor,500000.0
002336,9000010023,ISSUED,Diego Okafor,500000.0
002337,9000010023,ISSUED,Fatima Petrov,500000.0
002338,9000010023,ISSUED,Fatima Petrov,500000.0
002339,9000010023,ISSUED,Grace Rossi,500000.0
002340,9000010023,ISSUED,Grace Rossi,500000.0
002341,9000010023,ISSUED,Kwame Johnson,500000.0
002342,9000010023,ISSUED,Diego Okafor,500000.0
002343,9000010023,ISSUED,Diego Okafor,500000.0
002344,9000010023,ISSUED,Kwame Johnson,500000.0
002345,9000010023,ISSUED,Kwame Johnson,500000.0
002346,9000010023,ISSUED,Diego Okafor,500000.0
002347,9000010023,ISSUED,Grace Rossi,500000.0
002348,9000010023,ISSUED,Fatima Petrov,500000.0
002349,9000010023,ISSUED,Kwame Johnson,500000.0
002400,9000010024,ISSUED,Diego Okafor,500000.0
002401,9000010024,ISSUED,Ironwood Holdings,500000.0
002402,9000010024,ISSUED,Foundry Systems,500000.0
002403,9000010024,ISSUED,Foundry Systems,500000.0
002404,9000010024,ISSUED,Ironwood Holdings,500000.0
002405,9000010024,ISSUED,Beacon Partners,500000.0
002406,9000010024,ISSUED,Ironwood Holdings,500000.0
002407,9000010024,ISSUED,Beacon Partners,500000.0
002408,9000010024,ISSUED,Beacon Partners,500000.0
002409,9000010024,ISSUED,Foundry Systems,500000.0
002410,9000010024,ISSUED,Foundry Systems,500000.0
002411,9000010024,ISSUED,Diego Okafor,500000.0
002412,9000010024,ISSUED,Beacon Partners,500000.0
002413,9000010024,ISSUED,Foundry Systems,500000.0
002414,9000010024,ISSUED,Beacon Partners,500000.0
002415,9000010024,ISSUED,Foundry Systems,500000.0
002416,9000010024,ISSUED,Foundry Systems,500000.0
002417,9000010024,ISSUED,Beacon Partners,500000.0
002418,9000010024,ISSUED,Diego Okafor,500000.0
002419,9000010024,ISSUED,Foundry Systems,500000.0
002420,9000010024,ISSUED,Diego Okafor,500000.0
002421,9000010024,ISSUED,Ironwood Holdings,500000.0
002422,9000010024,ISSUED,Foundry Systems,500000.0
002423,9000010024,ISSUED,Diego Okafor,500000.0
002424,9000010024,ISSUED,Diego Okafor,500000.0
002425,9000010024,ISSUED,Ironwood Holdings,500000.0
002426,9000010024,ISSUED,Ironwood Holdings,500000.0
002427,9000010024,ISSUED,Foundry Systems,500000.0
002428,9000010024,ISSUED,Diego Okafor,500000.0
002429,9000010024,ISSUED,Ironwood Holdings,500000.0
002430,9000010024,ISSUED,Ironwood Holdings,500000.0
002431,9000010024,ISSUED,Ironwood Holdings,500000.0
002432,9000010024,ISSUED,Beacon Partners,500000.0
002433,9000010024,ISSUED,Foundry Systems,500000.0
002434,9000010024,ISSUED,Foundry Systems,500000.0
002435,9000010024,ISSUED,Ironwood Holdings,500000.0
002436,9000010024,ISSUED,Diego Okafor,500000.0
002437,9000010024,ISSUED,Diego Okafor,500000.0
002438,9000010024,ISSUED,Diego Okafor,500000.0
002439,9000010024,ISSUED,Foundry Systems,500000.0
002440,9000010024,ISSUED,Diego Okafor,500000.0
002441,9000010024,ISSUED,Diego Okafor,500000.0
002442,9000010024,ISSUED,Diego Okafor,500000.0
002443,9000010024,ISSUED,Ironwood Holdings,500000.0
002444,9000010024,ISSUED,Diego Okafor,500000.0
002445,9000010024,ISSUED,Beacon Partners,500000.0
002446,9000010024,ISSUED,Ironwood Holdings,500000.0
002447,9000010024,ISSUED,Diego Okafor,500000.0
002448,9000010024,ISSUED,Foundry Systems,500000.0
002449,9000010024,ISSUED,Ironwood Holdings,500000.0
002500,9000010025,ISSUED,Diego Okafor,500000.0
002501,9000010025,ISSUED,Willow Traders,500000.0
002502,9000010025,ISSUED,Ingrid Reyes,500000.0
002503,9000010025,ISSUED,Foundry Supplies,500000.0
002504,9000010025,ISSUED,Foundry Supplies,500000.0
002505,9000010025,ISSUED,Foundry Supplies,500000.0
002506,9000010025,ISSUED,Willow Traders,500000.0
002507,9000010025,ISSUED,Willow Traders,500000.0
002508,9000010025,ISSUED,Ingrid Reyes,500000.0
002509,9000010025,ISSUED,Foundry Supplies,500000.0
002510,9000010025,ISSUED,Willow Traders,500000.0
002511,9000010025,ISSUED,Foundry Supplies,500000.0
002512,9000010025,ISSUED,Foundry Supplies,500000.0
002513,9000010025,ISSUED,Foundry Supplies,500000.0
002514,9000010025,ISSUED,Willow Traders,500000.0
002515,9000010025,ISSUED,Ingrid Reyes,500000.0
002516,9000010025,ISSUED,Willow Traders,500000.0
002517,9000010025,ISSUED,Ingrid Reyes,500000.0
002518,9000010025,ISSUED,Ingrid Reyes,500000.0
002519,9000010025,ISSUED,Diego Okafor,500000.0
002520,9000010025,ISSUED,Willow Traders,500000.0
002521,9000010025,ISSUED,Willow Traders,500000.0
002522,9000010025,ISSUED,Diego Okafor,500000.0
002523,9000010025,ISSUED,Foundry Supplies,500000.0
002524,9000010025,ISSUED,Willow Traders,500000.0
002525,9000010025,ISSUED,Willow Traders,500000.0
002526,9000010025,ISSUED,Ingrid Reyes,500000.0
002527,9000010025,ISSUED,Foundry Supplies,500000.0
002528,9000010025,ISSUED,Willow Traders,500000.0
002529,9000010025,ISSUED,Ingrid Reyes,500000.0
002530,9000010025,ISSUED,Foundry Supplies,500000.0
002531,9000010025,ISSUED,Ingrid Reyes,500000.0
002532,9000010025,ISSUED,Willow Traders,500000.0
002533,9000010025,ISSUED,Diego Okafor,500000.0
002534,9000010025,ISSUED,Ingrid Reyes,500000.0
002535,9000010025,ISSUED,Foundry Supplies,500000.0
002536,9000010025,ISSUED,Diego Okafor,500000.0
002537,9000010025,ISSUED,Foundry Supplies,500000.0
002538,9000010025,ISSUED,Willow Traders,500000.0
002539,9000010025,ISSUED,Willow Traders,500000.0
002540,9000010025,ISSUED,Diego Okafor,500000.0
002541,9000010025,ISSUED,Foundry Supplies,500000.0
002542,9000010025,ISSUED,Ingrid Reyes,500000.0
002543,9000010025,ISSUED,Willow Traders,500000.0
002544,9000010025,ISSUED,Foundry Supplies,500000.0
002545,9000010025,ISSUED,Diego Okafor,500000.0
002546,9000010025,ISSUED,Ingrid Reyes,500000.0
002547,9000010025,ISSUED,Foundry Supplies,500000.0
002548,9000010025,ISSUED,Ingrid Reyes,500000.0
002549,9000010025,ISSUED,Foundry Supplies,500000.0
002600,9000010026,ISSUED,Dara Reyes,500000.0
002601,9000010026,ISSUED,Dara Reyes,500000.0
002602,9000010026,ISSUED,Nora Silva,500000.0
002603,9000010026,ISSUED,Willow Systems,500000.0
002604,9000010026,ISSUED,Willow Systems,500000.0
002605,9000010026,ISSUED,Dara Reyes,500000.0
002606,9000010026,ISSUED,Nora Silva,500000.0
002607,9000010026,ISSUED,Dara Reyes,500000.0
002608,9000010026,ISSUED,Nora Silva,500000.0
002609,9000010026,ISSUED,Willow Systems,500000.0
002610,9000010026,ISSUED,Dara Reyes,500000.0
002611,9000010026,ISSUED,Willow Systems,500000.0
002612,9000010026,ISSUED,Kwame Silva,500000.0
002613,9000010026,ISSUED,Willow Systems,500000.0
002614,9000010026,ISSUED,Dara Reyes,500000.0
002615,9000010026,ISSUED,Nora Silva,500000.0
002616,9000010026,ISSUED,Dara Reyes,500000.0
002617,9000010026,ISSUED,Willow Systems,500000.0
002618,9000010026,ISSUED,Willow Systems,500000.0
002619,9000010026,ISSUED,Nora Silva,500000.0
002620,9000010026,ISSUED,Dara Reyes,500000.0
002621,9000010026,ISSUED,Dara Reyes,500000.0
002622,9000010026,ISSUED,Kwame Silva,500000.0
002623,9000010026,ISSUED,Willow Systems,500000.0
002624,9000010026,ISSUED,Nora Silva,500000.0
002625,9000010026,ISSUED,Kwame Silva,500000.0
002626,9000010026,ISSUED,Nora Silva,500000.0
002627,9000010026,ISSUED,Willow Systems,500000.0
002628,9000010026,ISSUED,Nora Silva,500000.0
002629,9000010026,ISSUED,Willow Systems,500000.0
002630,9000010026,ISSUED,Willow Systems,500000.0
002631,9000010026,ISSUED,Nora Silva,500000.0
002632,9000010026,ISSUED,Dara Reyes,500000.0
002633,9000010026,ISSUED,Willow Systems,500000.0
002634,9000010026,ISSUED,Willow Systems,500000.0
002635,9000010026,ISSUED,Willow Systems,500000.0
002636,9000010026,ISSUED,Kwame Silva,500000.0
002637,9000010026,ISSUED,Nora Silva,500000.0
002638,9000010026,ISSUED,Kwame Silva,500000.0
002639,9000010026,ISSUED,Willow Systems,500000.0
002640,9000010026,ISSUED,Nora Silva,500000.0
002641,9000010026,ISSUED,Nora Silva,500000.0
002642,9000010026,ISSUED,Willow Systems,500000.0
002643,9000010026,ISSUED,Willow Systems,500000.0
002644,9000010026,ISSUED,Kwame Silva,500000.0
002645,9000010026,ISSUED,Dara Reyes,500000.0
002646,9000010026,ISSUED,Kwame Silva,500000.0
002647,9000010026,ISSUED,Kwame Silva,500000.0
002648,9000010026,ISSUED,Dara Reyes,500000.0
002649,9000010026,ISSUED,Dara Reyes,500000.0
002700,9000010027,ISSUED,Diego Okafor,500000.0
002701,9000010027,ISSUED,Maple Supplies,500000.0
002702,9000010027,ISSUED,Willow Systems,500000.0
002703,9000010027,ISSUED,Diego Okafor,500000.0
002704,9000010027,ISSUED,Maple Supplies,500000.0
002705,9000010027,ISSUED,Maple Supplies,500000.0
002706,9000010027,ISSUED,Willow Systems,500000.0
002707,9000010027,ISSUED,Diego Okafor,500000.0
002708,9000010027,ISSUED,Kwame Rossi,500000.0
002709,9000010027,ISSUED,Diego Okafor,500000.0
002710,9000010027,ISSUED,Willow Systems,500000.0
002711,9000010027,ISSUED,Diego Okafor,500000.0
002712,9000010027,ISSUED,Diego Okafor,500000.0
002713,9000010027,ISSUED,Maple Supplies,500000.0
002714,9000010027,ISSUED,Willow Systems,500000.0
002715,9000010027,ISSUED,Kwame Rossi,500000.0
002716,9000010027,ISSUED,Maple Supplies,500000.0
002717,9000010027,ISSUED,Diego Okafor,500000.0
002718,9000010027,ISSUED,Kwame Rossi,500000.0
002719,9000010027,ISSUED,Diego Okafor,500000.0
002720,9000010027,ISSUED,Kwame Rossi,500000.0
002721,9000010027,ISSUED,Willow Systems,500000.0
002722,9000010027,ISSUED,Kwame Rossi,500000.0
002723,9000010027,ISSUED,Willow Systems,500000.0
002724,9000010027,ISSUED,Diego Okafor,500000.0
002725,9000010027,ISSUED,Willow Systems,500000.0
002726,9000010027,ISSUED,Diego Okafor,500000.0
002727,9000010027,ISSUED,Kwame Rossi,500000.0
002728,9000010027,ISSUED,Willow Systems,500000.0
002729,9000010027,ISSUED,Diego Okafor,500000.0
002730,9000010027,ISSUED,Diego Okafor,500000.0
002731,9000010027,ISSUED,Maple Supplies,500000.0
002732,9000010027,ISSUED,Willow Systems,500000.0
002733,9000010027,ISSUED,Willow Systems,500000.0
002734,9000010027,ISSUED,Kwame Rossi,500000.0
002735,9000010027,ISSUED,Kwame Rossi,500000.0
002736,9000010027,ISSUED,Diego Okafor,500000.0
002737,9000010027,ISSUED,Kwame Rossi,500000.0
002738,9000010027,ISSUED,Diego Okafor,500000.0
002739,9000010027,ISSUED,Kwame Rossi,500000.0
002740,9000010027,ISSUED,Willow Systems,500000.0
002741,9000010027,ISSUED,Kwame Rossi,500000.0
002742,9000010027,ISSUED,Kwame Rossi,500000.0
002743,9000010027,ISSUED,Maple Supplies,500000.0
002744,9000010027,ISSUED,Willow Systems,500000.0
002745,9000010027,ISSUED,Diego Okafor,500000.0
002746,9000010027,ISSUED,Kwame Rossi,500000.0
002747,9000010027,ISSUED,Maple Supplies,500000.0
002748,9000010027,ISSUED,Kwame Rossi,500000.0
002749,9000010027,ISSUED,Kwame Rossi,500000.0
002800,9000010028,ISSUED,Kwame Rossi,500000.0
002801,9000010028,ISSUED,Ingrid Reyes,500000.0
002802,9000010028,ISSUED,Ingrid Reyes,500000.0
002803,9000010028,ISSUED,Kwame Rossi,500000.0
002804,9000010028,ISSUED,Foundry Systems,500000.0
002805,9000010028,ISSUED,Ingrid Reyes,500000.0
002806,9000010028,ISSUED,Kwame Rossi,500000.0
002807,9000010028,ISSUED,Kwame Rossi,500000.0
002808,9000010028,ISSUED,Ingrid Reyes,500000.0
002809,9000010028,ISSUED,Beacon Partners,500000.0
002810,9000010028,ISSUED,Beacon Partners,500000.0
002811,9000010028,ISSUED,Beacon Partners,500000.0
002812,9000010028,ISSUED,Foundry Systems,500000.0
002813,9000010028,ISSUED,Ingrid Reyes,500000.0
002814,9000010028,STOPPED,Kwame Rossi,500000.0
002815,9000010028,ISSUED,Kwame Rossi,500000.0
002816,9000010028,ISSUED,Foundry Systems,500000.0
002817,9000010028,ISSUED,Ingrid Reyes,500000.0
002818,9000010028,ISSUED,Foundry Systems,500000.0
002819,9000010028,ISSUED,Foundry Systems,500000.0
002820,9000010028,ISSUED,Beacon Partners,500000.0
002821,9000010028,ISSUED,Ingrid Reyes,500000.0
002822,9000010028,ISSUED,Kwame Rossi,500000.0
002823,9000010028,ISSUED,Ingrid Reyes,500000.0
002824,9000010028,ISSUED,Ingrid Reyes,500000.0
002825,9000010028,ISSUED,Kwame Rossi,500000.0
002826,9000010028,ISSUED,Ingrid Reyes,500000.0
002827,9000010028,ISSUED,Foundry Systems,500000.0
002828,9000010028,ISSUED,Foundry Systems,500000.0
002829,9000010028,ISSUED,Ingrid Reyes,500000.0
002830,9000010028,ISSUED,Ingrid Reyes,500000.0
002831,9000010028,ISSUED,Foundry Systems,500000.0
002832,9000010028,ISSUED,Foundry Systems,500000.0
002833,9000010028,ISSUED,Foundry Systems,500000.0
002834,9000010028,ISSUED,Foundry Systems,500000.0
002835,9000010028,ISSUED,Beacon Partners,500000.0
002836,9000010028,ISSUED,Kwame Rossi,500000.0
002837,9000010028,ISSUED,Foundry Systems,500000.0
002838,9000010028,ISSUED,Beacon Partners,500000.0
002839,9000010028,ISSUED,Beacon Partners,500000.0
002840,9000010028,ISSUED,Foundry Systems,500000.0
002841,9000010028,ISSUED,Ingrid Reyes,500000.0
002842,9000010028,ISSUED,Ingrid Reyes,500000.0
002843,9000010028,ISSUED,Beacon Partners,500000.0
002844,9000010028,ISSUED,Kwame Rossi,500000.0
002845,9000010028,ISSUED,Beacon Partners,500000.0
002846,9000010028,ISSUED,Foundry Systems,500000.0
002847,9000010028,ISSUED,Ingrid Reyes,500000.0
002848,9000010028,ISSUED,Beacon Partners,500000.0
002849,9000010028,ISSUED,Foundry Systems,500000.0
002900,9000010029,ISSUED,Sanjay Garcia,500000.0
002901,9000010029,ISSUED,Bluepeak Distributors,500000.0
002902,9000010029,ISSUED,Willow Holdings,500000.0
002903,9000010029,ISSUED,Sanjay Garcia,500000.0
002904,9000010029,ISSUED,Bluepeak Distributors,500000.0
002905,9000010029,ISSUED,Omar Novak,500000.0
002906,9000010029,ISSUED,Bluepeak Distributors,500000.0
002907,9000010029,ISSUED,Omar Novak,500000.0
002908,9000010029,ISSUED,Willow Holdings,500000.0
002909,9000010029,ISSUED,Omar Novak,500000.0
002910,9000010029,ISSUED,Bluepeak Distributors,500000.0
002911,9000010029,ISSUED,Willow Holdings,500000.0
002912,9000010029,ISSUED,Sanjay Garcia,500000.0
002913,9000010029,ISSUED,Willow Holdings,500000.0
002914,9000010029,ISSUED,Bluepeak Distributors,500000.0
002915,9000010029,ISSUED,Sanjay Garcia,500000.0
002916,9000010029,ISSUED,Sanjay Garcia,500000.0
002917,9000010029,ISSUED,Sanjay Garcia,500000.0
002918,9000010029,ISSUED,Willow Holdings,500000.0
002919,9000010029,ISSUED,Sanjay Garcia,500000.0
002920,9000010029,ISSUED,Sanjay Garcia,500000.0
002921,9000010029,ISSUED,Omar Novak,500000.0
002922,9000010029,ISSUED,Bluepeak Distributors,500000.0
002923,9000010029,ISSUED,Sanjay Garcia,500000.0
002924,9000010029,ISSUED,Omar Novak,500000.0
002925,9000010029,ISSUED,Bluepeak Distributors,500000.0
002926,9000010029,ISSUED,Sanjay Garcia,500000.0
002927,9000010029,STOPPED,Willow Holdings,500000.0
002928,9000010029,ISSUED,Sanjay Garcia,500000.0
002929,9000010029,ISSUED,Omar Novak,500000.0
002930,9000010029,ISSUED,Willow Holdings,500000.0
002931,9000010029,ISSUED,Omar Novak,500000.0
002932,9000010029,ISSUED,Willow Holdings,500000.0
002933,9000010029,ISSUED,Willow Holdings,500000.0
002934,9000010029,ISSUED,Omar Novak,500000.0
002935,9000010029,ISSUED,Sanjay Garcia,500000.0
002936,9000010029,ISSUED,Sanjay Garcia,500000.0
002937,9000010029,STOPPED,Bluepeak Distributors,500000.0
002938,9000010029,ISSUED,Bluepeak Distributors,500000.0
002939,9000010029,ISSUED,Omar Novak,500000.0
002940,9000010029,ISSUED,Omar Novak,500000.0
002941,9000010029,ISSUED,Omar Novak,500000.0
002942,9000010029,ISSUED,Sanjay Garcia,500000.0
002943,9000010029,ISSUED,Willow Holdings,500000.0
002944,9000010029,ISSUED,Willow Holdings,500000.0
002945,9000010029,ISSUED,Bluepeak Distributors,500000.0
002946,9000010029,ISSUED,Sanjay Garcia,500000.0
002947,9000010029,ISSUED,Bluepeak Distributors,500000.0
002948,9000010029,ISSUED,Willow Holdings,500000.0
002949,9000010029,ISSUED,Omar Novak,500000.0
003000,9000010030,ISSUED,Omar Novak,500000.0
003001,9000010030,ISSUED,Bluepeak Distributors,500000.0
003002,9000010030,ISSUED,Bluepeak Distributors,500000.0
003003,9000010030,ISSUED,Willow Systems,500000.0
003004,9000010030,ISSUED,Willow Systems,500000.0
003005,9000010030,ISSUED,Willow Systems,500000.0
003006,9000010030,ISSUED,Harbor Trading Co,500000.0
003007,9000010030,ISSUED,Omar Novak,500000.0
003008,9000010030,ISSUED,Omar Novak,500000.0
003009,9000010030,ISSUED,Bluepeak Distributors,500000.0
003010,9000010030,ISSUED,Willow Systems,500000.0
003011,9000010030,ISSUED,Harbor Trading Co,500000.0
003012,9000010030,ISSUED,Willow Systems,500000.0
003013,9000010030,ISSUED,Harbor Trading Co,500000.0
003014,9000010030,ISSUED,Harbor Trading Co,500000.0
003015,9000010030,ISSUED,Willow Systems,500000.0
003016,9000010030,ISSUED,Bluepeak Distributors,500000.0
003017,9000010030,ISSUED,Omar Novak,500000.0
003018,9000010030,ISSUED,Willow Systems,500000.0
003019,9000010030,ISSUED,Harbor Trading Co,500000.0
003020,9000010030,ISSUED,Omar Novak,500000.0
003021,9000010030,ISSUED,Bluepeak Distributors,500000.0
003022,9000010030,ISSUED,Harbor Trading Co,500000.0
003023,9000010030,ISSUED,Bluepeak Distributors,500000.0
003024,9000010030,ISSUED,Harbor Trading Co,500000.0
003025,9000010030,ISSUED,Bluepeak Distributors,500000.0
003026,9000010030,ISSUED,Willow Systems,500000.0
003027,9000010030,ISSUED,Willow Systems,500000.0
003028,9000010030,ISSUED,Bluepeak Distributors,500000.0
003029,9000010030,ISSUED,Harbor Trading Co,500000.0
003030,9000010030,ISSUED,Willow Systems,500000.0
003031,9000010030,ISSUED,Harbor Trading Co,500000.0
003032,9000010030,ISSUED,Bluepeak Distributors,500000.0
003033,9000010030,ISSUED,Willow Systems,500000.0
003034,9000010030,ISSUED,Bluepeak Distributors,500000.0
003035,9000010030,ISSUED,Harbor Trading Co,500000.0
003036,9000010030,ISSUED,Harbor Trading Co,500000.0
003037,9000010030,ISSUED,Bluepeak Distributors,500000.0
003038,9000010030,ISSUED,Bluepeak Distributors,500000.0
003039,9000010030,ISSUED,Omar Novak,500000.0
003040,9000010030,ISSUED,Harbor Trading Co,500000.0
003041,9000010030,ISSUED,Harbor Trading Co,500000.0
003042,9000010030,ISSUED,Bluepeak Distributors,500000.0
003043,9000010030,ISSUED,Omar Novak,500000.0
003044,9000010030,ISSUED,Bluepeak Distributors,500000.0
003045,9000010030,ISSUED,Omar Novak,500000.0
003046,9000010030,ISSUED,Harbor Trading Co,500000.0
003047,9000010030,ISSUED,Willow Systems,500000.0
003048,9000010030,ISSUED,Bluepeak Distributors,500000.0
003049,9000010030,ISSUED,Bluepeak Distributors,500000.0
003100,9000010031,ISSUED,Foundry Systems,500000.0
003101,9000010031,ISSUED,Foundry Systems,500000.0
003102,9000010031,ISSUED,Foundry Systems,500000.0
003103,9000010031,ISSUED,Foundry Systems,500000.0
003104,9000010031,ISSUED,Willow Systems,500000.0
003105,9000010031,ISSUED,Willow Systems,500000.0
003106,9000010031,ISSUED,Willow Systems,500000.0
003107,9000010031,ISSUED,Foundry Systems,500000.0
003108,9000010031,ISSUED,Nora Silva,500000.0
003109,9000010031,ISSUED,Foundry Systems,500000.0
003110,9000010031,ISSUED,Foundry Systems,500000.0
003111,9000010031,ISSUED,Willow Systems,500000.0
003112,9000010031,ISSUED,Willow Systems,500000.0
003113,9000010031,ISSUED,Bluepeak Distributors,500000.0
003114,9000010031,ISSUED,Bluepeak Distributors,500000.0
003115,9000010031,ISSUED,Foundry Systems,500000.0
003116,9000010031,ISSUED,Foundry Systems,500000.0
003117,9000010031,ISSUED,Willow Systems,500000.0
003118,9000010031,ISSUED,Nora Silva,500000.0
003119,9000010031,ISSUED,Willow Systems,500000.0
003120,9000010031,ISSUED,Bluepeak Distributors,500000.0
003121,9000010031,ISSUED,Foundry Systems,500000.0
003122,9000010031,ISSUED,Nora Silva,500000.0
003123,9000010031,ISSUED,Willow Systems,500000.0
003124,9000010031,ISSUED,Bluepeak Distributors,500000.0
003125,9000010031,ISSUED,Willow Systems,500000.0
003126,9000010031,ISSUED,Willow Systems,500000.0
003127,9000010031,ISSUED,Foundry Systems,500000.0
003128,9000010031,ISSUED,Willow Systems,500000.0
003129,9000010031,ISSUED,Willow Systems,500000.0
003130,9000010031,ISSUED,Willow Systems,500000.0
003131,9000010031,ISSUED,Willow Systems,500000.0
003132,9000010031,ISSUED,Willow Systems,500000.0
003133,9000010031,ISSUED,Nora Silva,500000.0
003134,9000010031,ISSUED,Willow Systems,500000.0
003135,9000010031,ISSUED,Willow Systems,500000.0
003136,9000010031,ISSUED,Nora Silva,500000.0
003137,9000010031,ISSUED,Foundry Systems,500000.0
003138,9000010031,ISSUED,Bluepeak Distributors,500000.0
003139,9000010031,ISSUED,Willow Systems,500000.0
003140,9000010031,ISSUED,Willow Systems,500000.0
003141,9000010031,ISSUED,Willow Systems,500000.0
003142,9000010031,ISSUED,Nora Silva,500000.0
003143,9000010031,ISSUED,Willow Systems,500000.0
003144,9000010031,ISSUED,Bluepeak Distributors,500000.0
003145,9000010031,ISSUED,Willow Systems,500000.0
003146,9000010031,ISSUED,Bluepeak Distributors,500000.0
003147,9000010031,ISSUED,Nora Silva,500000.0
003148,9000010031,ISSUED,Nora Silva,500000.0
003149,9000010031,ISSUED,Foundry Systems,500000.0
003200,9000010032,ISSUED,Willow Systems,500000.0
003201,9000010032,ISSUED,Harbor Services,500000.0
003202,9000010032,ISSUED,Harbor Services,500000.0
003203,9000010032,ISSUED,Bluepeak Distributors,500000.0
003204,9000010032,ISSUED,Omar Novak,500000.0
003205,9000010032,ISSUED,Bluepeak Distributors,500000.0
003206,9000010032,ISSUED,Bluepeak Distributors,500000.0
003207,9000010032,ISSUED,Omar Novak,500000.0
003208,9000010032,ISSUED,Bluepeak Distributors,500000.0
003209,9000010032,ISSUED,Harbor Services,500000.0
003210,9000010032,ISSUED,Willow Systems,500000.0
003211,9000010032,ISSUED,Bluepeak Distributors,500000.0
003212,9000010032,ISSUED,Omar Novak,500000.0
003213,9000010032,ISSUED,Willow Systems,500000.0
003214,9000010032,ISSUED,Omar Novak,500000.0
003215,9000010032,ISSUED,Willow Systems,500000.0
003216,9000010032,ISSUED,Bluepeak Distributors,500000.0
003217,9000010032,ISSUED,Willow Systems,500000.0
003218,9000010032,ISSUED,Harbor Services,500000.0
003219,9000010032,ISSUED,Bluepeak Distributors,500000.0
003220,9000010032,ISSUED,Willow Systems,500000.0
003221,9000010032,ISSUED,Willow Systems,500000.0
003222,9000010032,ISSUED,Omar Novak,500000.0
003223,9000010032,ISSUED,Harbor Services,500000.0
003224,9000010032,ISSUED,Harbor Services,500000.0
003225,9000010032,ISSUED,Willow Systems,500000.0
003226,9000010032,ISSUED,Omar Novak,500000.0
003227,9000010032,ISSUED,Willow Systems,500000.0
003228,9000010032,ISSUED,Omar Novak,500000.0
003229,9000010032,ISSUED,Omar Novak,500000.0
003230,9000010032,ISSUED,Bluepeak Distributors,500000.0
003231,9000010032,ISSUED,Willow Systems,500000.0
003232,9000010032,ISSUED,Harbor Services,500000.0
003233,9000010032,ISSUED,Harbor Services,500000.0
003234,9000010032,ISSUED,Harbor Services,500000.0
003235,9000010032,ISSUED,Bluepeak Distributors,500000.0
003236,9000010032,ISSUED,Willow Systems,500000.0
003237,9000010032,ISSUED,Harbor Services,500000.0
003238,9000010032,ISSUED,Bluepeak Distributors,500000.0
003239,9000010032,ISSUED,Omar Novak,500000.0
003240,9000010032,STOPPED,Willow Systems,500000.0
003241,9000010032,ISSUED,Willow Systems,500000.0
003242,9000010032,ISSUED,Harbor Services,500000.0
003243,9000010032,ISSUED,Bluepeak Distributors,500000.0
003244,9000010032,ISSUED,Omar Novak,500000.0
003245,9000010032,ISSUED,Willow Systems,500000.0
003246,9000010032,ISSUED,Harbor Services,500000.0
003247,9000010032,ISSUED,Harbor Services,500000.0
003248,9000010032,ISSUED,Bluepeak Distributors,500000.0
003249,9000010032,ISSUED,Omar Novak,500000.0
003300,9000010033,ISSUED,Cedar Imports,500000.0
003301,9000010033,ISSUED,Cedar Imports,500000.0
003302,9000010033,ISSUED,Harbor Services,500000.0
003303,9000010033,ISSUED,Harbor Services,500000.0
003304,9000010033,ISSUED,Harbor Services,500000.0
003305,9000010033,ISSUED,Fatima Petrov,500000.0
003306,9000010033,ISSUED,Harbor Services,500000.0
003307,9000010033,ISSUED,Cedar Imports,500000.0
003308,9000010033,ISSUED,Maple Supplies,500000.0
003309,9000010033,ISSUED,Cedar Imports,500000.0
003310,9000010033,ISSUED,Maple Supplies,500000.0
003311,9000010033,ISSUED,Fatima Petrov,500000.0
003312,9000010033,ISSUED,Maple Supplies,500000.0
003313,9000010033,ISSUED,Cedar Imports,500000.0
003314,9000010033,ISSUED,Cedar Imports,500000.0
003315,9000010033,ISSUED,Cedar Imports,500000.0
003316,9000010033,ISSUED,Cedar Imports,500000.0
003317,9000010033,ISSUED,Cedar Imports,500000.0
003318,9000010033,ISSUED,Cedar Imports,500000.0
003319,9000010033,ISSUED,Cedar Imports,500000.0
003320,9000010033,ISSUED,Harbor Services,500000.0
003321,9000010033,ISSUED,Cedar Imports,500000.0
003322,9000010033,ISSUED,Fatima Petrov,500000.0
003323,9000010033,ISSUED,Cedar Imports,500000.0
003324,9000010033,ISSUED,Cedar Imports,500000.0
003325,9000010033,ISSUED,Maple Supplies,500000.0
003326,9000010033,ISSUED,Harbor Services,500000.0
003327,9000010033,ISSUED,Fatima Petrov,500000.0
003328,9000010033,ISSUED,Fatima Petrov,500000.0
003329,9000010033,ISSUED,Cedar Imports,500000.0
003330,9000010033,ISSUED,Cedar Imports,500000.0
003331,9000010033,ISSUED,Fatima Petrov,500000.0
003332,9000010033,ISSUED,Fatima Petrov,500000.0
003333,9000010033,ISSUED,Fatima Petrov,500000.0
003334,9000010033,ISSUED,Fatima Petrov,500000.0
003335,9000010033,ISSUED,Fatima Petrov,500000.0
003336,9000010033,ISSUED,Maple Supplies,500000.0
003337,9000010033,ISSUED,Fatima Petrov,500000.0
003338,9000010033,ISSUED,Fatima Petrov,500000.0
003339,9000010033,ISSUED,Harbor Services,500000.0
003340,9000010033,ISSUED,Maple Supplies,500000.0
003341,9000010033,ISSUED,Harbor Services,500000.0
003342,9000010033,ISSUED,Maple Supplies,500000.0
003343,9000010033,ISSUED,Fatima Petrov,500000.0
003344,9000010033,ISSUED,Maple Supplies,500000.0
003345,9000010033,ISSUED,Harbor Services,500000.0
003346,9000010033,ISSUED,Harbor Services,500000.0
003347,9000010033,ISSUED,Maple Supplies,500000.0
003348,9000010033,ISSUED,Maple Supplies,500000.0
003349,9000010033,ISSUED,Cedar Imports,500000.0
003400,9000010034,ISSUED,Foundry Systems,500000.0
003401,9000010034,ISSUED,Sofia Ahmed,500000.0
003402,9000010034,ISSUED,Sofia Ahmed,500000.0
003403,9000010034,ISSUED,Kwame Johnson,500000.0
003404,9000010034,ISSUED,Foundry Systems,500000.0
003405,9000010034,ISSUED,Kwame Johnson,500000.0
003406,9000010034,ISSUED,Kwame Johnson,500000.0
003407,9000010034,ISSUED,Cedar Imports,500000.0
003408,9000010034,ISSUED,Foundry Systems,500000.0
003409,9000010034,ISSUED,Sofia Ahmed,500000.0
003410,9000010034,ISSUED,Cedar Imports,500000.0
003411,9000010034,ISSUED,Sofia Ahmed,500000.0
003412,9000010034,ISSUED,Sofia Ahmed,500000.0
003413,9000010034,ISSUED,Sofia Ahmed,500000.0
003414,9000010034,ISSUED,Cedar Imports,500000.0
003415,9000010034,ISSUED,Cedar Imports,500000.0
003416,9000010034,ISSUED,Sofia Ahmed,500000.0
003417,9000010034,ISSUED,Foundry Systems,500000.0
003418,9000010034,ISSUED,Sofia Ahmed,500000.0
003419,9000010034,ISSUED,Sofia Ahmed,500000.0
003420,9000010034,ISSUED,Cedar Imports,500000.0
003421,9000010034,ISSUED,Foundry Systems,500000.0
003422,9000010034,ISSUED,Sofia Ahmed,500000.0
003423,9000010034,ISSUED,Kwame Johnson,500000.0
003424,9000010034,ISSUED,Foundry Systems,500000.0
003425,9000010034,ISSUED,Foundry Systems,500000.0
003426,9000010034,ISSUED,Sofia Ahmed,500000.0
003427,9000010034,ISSUED,Kwame Johnson,500000.0
003428,9000010034,ISSUED,Cedar Imports,500000.0
003429,9000010034,ISSUED,Cedar Imports,500000.0
003430,9000010034,ISSUED,Sofia Ahmed,500000.0
003431,9000010034,ISSUED,Cedar Imports,500000.0
003432,9000010034,ISSUED,Foundry Systems,500000.0
003433,9000010034,ISSUED,Cedar Imports,500000.0
003434,9000010034,ISSUED,Kwame Johnson,500000.0
003435,9000010034,ISSUED,Foundry Systems,500000.0
003436,9000010034,ISSUED,Sofia Ahmed,500000.0
003437,9000010034,ISSUED,Foundry Systems,500000.0
003438,9000010034,ISSUED,Kwame Johnson,500000.0
003439,9000010034,ISSUED,Foundry Systems,500000.0
003440,9000010034,ISSUED,Cedar Imports,500000.0
003441,9000010034,ISSUED,Sofia Ahmed,500000.0
003442,9000010034,ISSUED,Cedar Imports,500000.0
003443,9000010034,ISSUED,Cedar Imports,500000.0
003444,9000010034,ISSUED,Sofia Ahmed,500000.0
003445,9000010034,ISSUED,Kwame Johnson,500000.0
003446,9000010034,ISSUED,Sofia Ahmed,500000.0
003447,9000010034,ISSUED,Kwame Johnson,500000.0
003448,9000010034,ISSUED,Kwame Johnson,500000.0
003449,9000010034,ISSUED,Foundry Systems,500000.0
003500,9000010035,ISSUED,Sanjay Garcia,500000.0
003501,9000010035,ISSUED,Foundry Systems,500000.0
003502,9000010035,ISSUED,Foundry Systems,500000.0
003503,9000010035,ISSUED,Foundry Systems,500000.0
003504,9000010035,ISSUED,Sanjay Garcia,500000.0
003505,9000010035,ISSUED,Harbor Services,500000.0
003506,9000010035,ISSUED,Harbor Services,500000.0
003507,9000010035,ISSUED,Willow Traders,500000.0
003508,9000010035,ISSUED,Willow Traders,500000.0
003509,9000010035,ISSUED,Sanjay Garcia,500000.0
003510,9000010035,ISSUED,Foundry Systems,500000.0
003511,9000010035,ISSUED,Foundry Systems,500000.0
003512,9000010035,ISSUED,Sanjay Garcia,500000.0
003513,9000010035,ISSUED,Harbor Services,500000.0
003514,9000010035,ISSUED,Foundry Systems,500000.0
003515,9000010035,ISSUED,Willow Traders,500000.0
003516,9000010035,ISSUED,Sanjay Garcia,500000.0
003517,9000010035,ISSUED,Sanjay Garcia,500000.0
003518,9000010035,ISSUED,Foundry Systems,500000.0
003519,9000010035,ISSUED,Harbor Services,500000.0
003520,9000010035,ISSUED,Sanjay Garcia,500000.0
003521,9000010035,ISSUED,Sanjay Garcia,500000.0
003522,9000010035,ISSUED,Harbor Services,500000.0
003523,9000010035,ISSUED,Sanjay Garcia,500000.0
003524,9000010035,ISSUED,Willow Traders,500000.0
003525,9000010035,ISSUED,Willow Traders,500000.0
003526,9000010035,ISSUED,Foundry Systems,500000.0
003527,9000010035,ISSUED,Harbor Services,500000.0
003528,9000010035,ISSUED,Sanjay Garcia,500000.0
003529,9000010035,ISSUED,Foundry Systems,500000.0
003530,9000010035,ISSUED,Sanjay Garcia,500000.0
003531,9000010035,ISSUED,Foundry Systems,500000.0
003532,9000010035,ISSUED,Foundry Systems,500000.0
003533,9000010035,ISSUED,Sanjay Garcia,500000.0
003534,9000010035,ISSUED,Sanjay Garcia,500000.0
003535,9000010035,ISSUED,Foundry Systems,500000.0
003536,9000010035,ISSUED,Harbor Services,500000.0
003537,9000010035,ISSUED,Foundry Systems,500000.0
003538,9000010035,ISSUED,Harbor Services,500000.0
003539,9000010035,ISSUED,Foundry Systems,500000.0
003540,9000010035,ISSUED,Sanjay Garcia,500000.0
003541,9000010035,ISSUED,Foundry Systems,500000.0
003542,9000010035,ISSUED,Foundry Systems,500000.0
003543,9000010035,ISSUED,Harbor Services,500000.0
003544,9000010035,ISSUED,Willow Traders,500000.0
003545,9000010035,ISSUED,Willow Traders,500000.0
003546,9000010035,ISSUED,Sanjay Garcia,500000.0
003547,9000010035,ISSUED,Willow Traders,500000.0
003548,9000010035,ISSUED,Sanjay Garcia,500000.0
003549,9000010035,ISSUED,Harbor Services,500000.0
003600,9000010036,ISSUED,Willow Systems,500000.0
003601,9000010036,ISSUED,Harbor Services,500000.0
003602,9000010036,ISSUED,Ironwood Holdings,500000.0
003603,9000010036,ISSUED,Willow Systems,500000.0
003604,9000010036,ISSUED,Ironwood Holdings,500000.0
003605,9000010036,ISSUED,Ironwood Holdings,500000.0
003606,9000010036,ISSUED,Foundry Supplies,500000.0
003607,9000010036,ISSUED,Harbor Services,500000.0
003608,9000010036,ISSUED,Harbor Services,500000.0
003609,9000010036,ISSUED,Foundry Supplies,500000.0
003610,9000010036,ISSUED,Harbor Services,500000.0
003611,9000010036,ISSUED,Willow Systems,500000.0
003612,9000010036,ISSUED,Harbor Services,500000.0
003613,9000010036,ISSUED,Willow Systems,500000.0
003614,9000010036,ISSUED,Ironwood Holdings,500000.0
003615,9000010036,ISSUED,Willow Systems,500000.0
003616,9000010036,ISSUED,Willow Systems,500000.0
003617,9000010036,ISSUED,Ironwood Holdings,500000.0
003618,9000010036,ISSUED,Foundry Supplies,500000.0
003619,9000010036,ISSUED,Ironwood Holdings,500000.0
003620,9000010036,ISSUED,Willow Systems,500000.0
003621,9000010036,ISSUED,Ironwood Holdings,500000.0
003622,9000010036,ISSUED,Ironwood Holdings,500000.0
003623,9000010036,ISSUED,Foundry Supplies,500000.0
003624,9000010036,ISSUED,Foundry Supplies,500000.0
003625,9000010036,ISSUED,Harbor Services,500000.0
003626,9000010036,ISSUED,Foundry Supplies,500000.0
003627,9000010036,ISSUED,Harbor Services,500000.0
003628,9000010036,ISSUED,Harbor Services,500000.0
003629,9000010036,ISSUED,Willow Systems,500000.0
003630,9000010036,ISSUED,Ironwood Holdings,500000.0
003631,9000010036,ISSUED,Harbor Services,500000.0
003632,9000010036,ISSUED,Harbor Services,500000.0
003633,9000010036,ISSUED,Willow Systems,500000.0
003634,9000010036,ISSUED,Willow Systems,500000.0
003635,9000010036,ISSUED,Foundry Supplies,500000.0
003636,9000010036,ISSUED,Harbor Services,500000.0
003637,9000010036,ISSUED,Ironwood Holdings,500000.0
003638,9000010036,ISSUED,Ironwood Holdings,500000.0
003639,9000010036,ISSUED,Foundry Supplies,500000.0
003640,9000010036,ISSUED,Willow Systems,500000.0
003641,9000010036,ISSUED,Willow Systems,500000.0
003642,9000010036,ISSUED,Harbor Services,500000.0
003643,9000010036,ISSUED,Willow Systems,500000.0
003644,9000010036,ISSUED,Ironwood Holdings,500000.0
003645,9000010036,ISSUED,Ironwood Holdings,500000.0
003646,9000010036,ISSUED,Willow Systems,500000.0
003647,9000010036,ISSUED,Ironwood Holdings,500000.0
003648,9000010036,ISSUED,Ironwood Holdings,500000.0
003649,9000010036,ISSUED,Ironwood Holdings,500000.0
003700,9000010037,ISSUED,Beacon Partners,500000.0
003701,9000010037,ISSUED,Willow Traders,500000.0
003702,9000010037,ISSUED,Beacon Partners,500000.0
003703,9000010037,ISSUED,Willow Traders,500000.0
003704,9000010037,ISSUED,Willow Traders,500000.0
003705,9000010037,ISSUED,Willow Traders,500000.0
003706,9000010037,ISSUED,Harbor Trading Co,500000.0
003707,9000010037,ISSUED,Harbor Trading Co,500000.0
003708,9000010037,ISSUED,Beacon Partners,500000.0
003709,9000010037,ISSUED,Diego Okafor,500000.0
003710,9000010037,ISSUED,Diego Okafor,500000.0
003711,9000010037,ISSUED,Beacon Partners,500000.0
003712,9000010037,ISSUED,Willow Traders,500000.0
003713,9000010037,ISSUED,Beacon Partners,500000.0
003714,9000010037,ISSUED,Harbor Trading Co,500000.0
003715,9000010037,ISSUED,Beacon Partners,500000.0
003716,9000010037,ISSUED,Diego Okafor,500000.0
003717,9000010037,ISSUED,Willow Traders,500000.0
003718,9000010037,ISSUED,Diego Okafor,500000.0
003719,9000010037,ISSUED,Willow Traders,500000.0
003720,9000010037,ISSUED,Beacon Partners,500000.0
003721,9000010037,ISSUED,Harbor Trading Co,500000.0
003722,9000010037,ISSUED,Harbor Trading Co,500000.0
003723,9000010037,ISSUED,Harbor Trading Co,500000.0
003724,9000010037,ISSUED,Harbor Trading Co,500000.0
003725,9000010037,ISSUED,Willow Traders,500000.0
003726,9000010037,ISSUED,Harbor Trading Co,500000.0
003727,9000010037,ISSUED,Diego Okafor,500000.0
003728,9000010037,ISSUED,Willow Traders,500000.0
003729,9000010037,ISSUED,Diego Okafor,500000.0
003730,9000010037,ISSUED,Willow Traders,500000.0
003731,9000010037,ISSUED,Willow Traders,500000.0
003732,9000010037,ISSUED,Diego Okafor,500000.0
003733,9000010037,ISSUED,Diego Okafor,500000.0
003734,9000010037,ISSUED,Harbor Trading Co,500000.0
003735,9000010037,ISSUED,Diego Okafor,500000.0
003736,9000010037,ISSUED,Beacon Partners,500000.0
003737,9000010037,ISSUED,Beacon Partners,500000.0
003738,9000010037,ISSUED,Harbor Trading Co,500000.0
003739,9000010037,ISSUED,Willow Traders,500000.0
003740,9000010037,ISSUED,Harbor Trading Co,500000.0
003741,9000010037,ISSUED,Beacon Partners,500000.0
003742,9000010037,ISSUED,Harbor Trading Co,500000.0
003743,9000010037,ISSUED,Willow Traders,500000.0
003744,9000010037,ISSUED,Willow Traders,500000.0
003745,9000010037,ISSUED,Diego Okafor,500000.0
003746,9000010037,ISSUED,Beacon Partners,500000.0
003747,9000010037,ISSUED,Diego Okafor,500000.0
003748,9000010037,ISSUED,Harbor Trading Co,500000.0
003749,9000010037,ISSUED,Harbor Trading Co,500000.0
003800,9000010038,ISSUED,Willow Systems,500000.0
003801,9000010038,ISSUED,Harbor Trading Co,500000.0
003802,9000010038,ISSUED,Ironwood Holdings,500000.0
003803,9000010038,ISSUED,Willow Systems,500000.0
003804,9000010038,ISSUED,Willow Systems,500000.0
003805,9000010038,ISSUED,Harbor Trading Co,500000.0
003806,9000010038,ISSUED,Harbor Trading Co,500000.0
003807,9000010038,ISSUED,Willow Systems,500000.0
003808,9000010038,ISSUED,Willow Holdings,500000.0
003809,9000010038,ISSUED,Harbor Trading Co,500000.0
003810,9000010038,ISSUED,Willow Holdings,500000.0
003811,9000010038,ISSUED,Harbor Trading Co,500000.0
003812,9000010038,ISSUED,Harbor Trading Co,500000.0
003813,9000010038,ISSUED,Harbor Trading Co,500000.0
003814,9000010038,ISSUED,Harbor Trading Co,500000.0
003815,9000010038,ISSUED,Willow Systems,500000.0
003816,9000010038,ISSUED,Willow Systems,500000.0
003817,9000010038,ISSUED,Willow Holdings,500000.0
003818,9000010038,ISSUED,Ironwood Holdings,500000.0
003819,9000010038,ISSUED,Ironwood Holdings,500000.0
003820,9000010038,ISSUED,Ironwood Holdings,500000.0
003821,9000010038,ISSUED,Harbor Trading Co,500000.0
003822,9000010038,ISSUED,Ironwood Holdings,500000.0
003823,9000010038,ISSUED,Willow Systems,500000.0
003824,9000010038,ISSUED,Willow Systems,500000.0
003825,9000010038,ISSUED,Willow Holdings,500000.0
003826,9000010038,ISSUED,Harbor Trading Co,500000.0
003827,9000010038,ISSUED,Willow Holdings,500000.0
003828,9000010038,ISSUED,Willow Holdings,500000.0
003829,9000010038,ISSUED,Harbor Trading Co,500000.0
003830,9000010038,ISSUED,Willow Holdings,500000.0
003831,9000010038,ISSUED,Harbor Trading Co,500000.0
003832,9000010038,ISSUED,Willow Systems,500000.0
003833,9000010038,ISSUED,Willow Holdings,500000.0
003834,9000010038,ISSUED,Willow Systems,500000.0
003835,9000010038,ISSUED,Willow Systems,500000.0
003836,9000010038,ISSUED,Willow Holdings,500000.0
003837,9000010038,ISSUED,Harbor Trading Co,500000.0
003838,9000010038,ISSUED,Willow Holdings,500000.0
003839,9000010038,ISSUED,Harbor Trading Co,500000.0
003840,9000010038,ISSUED,Harbor Trading Co,500000.0
003841,9000010038,ISSUED,Willow Holdings,500000.0
003842,9000010038,ISSUED,Harbor Trading Co,500000.0
003843,9000010038,ISSUED,Willow Holdings,500000.0
003844,9000010038,ISSUED,Willow Holdings,500000.0
003845,9000010038,ISSUED,Willow Systems,500000.0
003846,9000010038,ISSUED,Willow Holdings,500000.0
003847,9000010038,ISSUED,Ironwood Holdings,500000.0
003848,9000010038,ISSUED,Willow Holdings,500000.0
003849,9000010038,ISSUED,Willow Holdings,500000.0
003900,9000010039,ISSUED,Harbor Trading Co,500000.0
003901,9000010039,ISSUED,Harbor Trading Co,500000.0
003902,9000010039,ISSUED,Diego Okafor,500000.0
003903,9000010039,ISSUED,Diego Okafor,500000.0
003904,9000010039,ISSUED,Diego Okafor,500000.0
003905,9000010039,ISSUED,Harbor Trading Co,500000.0
003906,9000010039,ISSUED,Ironwood Holdings,500000.0
003907,9000010039,ISSUED,Harbor Trading Co,500000.0
003908,9000010039,ISSUED,Harbor Trading Co,500000.0
003909,9000010039,ISSUED,Harbor Trading Co,500000.0
003910,9000010039,ISSUED,Harbor Trading Co,500000.0
003911,9000010039,ISSUED,Diego Okafor,500000.0
003912,9000010039,ISSUED,Harbor Trading Co,500000.0
003913,9000010039,ISSUED,Diego Okafor,500000.0
003914,9000010039,ISSUED,Ironwood Holdings,500000.0
003915,9000010039,ISSUED,Diego Okafor,500000.0
003916,9000010039,ISSUED,Diego Okafor,500000.0
003917,9000010039,ISSUED,Diego Okafor,500000.0
003918,9000010039,ISSUED,Harbor Trading Co,500000.0
003919,9000010039,ISSUED,Ironwood Holdings,500000.0
003920,9000010039,ISSUED,Beacon Partners,500000.0
003921,9000010039,ISSUED,Ironwood Holdings,500000.0
003922,9000010039,ISSUED,Diego Okafor,500000.0
003923,9000010039,ISSUED,Beacon Partners,500000.0
003924,9000010039,ISSUED,Diego Okafor,500000.0
003925,9000010039,ISSUED,Harbor Trading Co,500000.0
003926,9000010039,ISSUED,Harbor Trading Co,500000.0
003927,9000010039,ISSUED,Beacon Partners,500000.0
003928,9000010039,ISSUED,Harbor Trading Co,500000.0
003929,9000010039,ISSUED,Ironwood Holdings,500000.0
003930,9000010039,ISSUED,Ironwood Holdings,500000.0
003931,9000010039,ISSUED,Beacon Partners,500000.0
003932,9000010039,ISSUED,Harbor Trading Co,500000.0
003933,9000010039,ISSUED,Diego Okafor,500000.0
003934,9000010039,ISSUED,Beacon Partners,500000.0
003935,9000010039,ISSUED,Beacon Partners,500000.0
003936,9000010039,ISSUED,Ironwood Holdings,500000.0
003937,9000010039,ISSUED,Harbor Trading Co,500000.0
003938,9000010039,ISSUED,Diego Okafor,500000.0
003939,9000010039,ISSUED,Harbor Trading Co,500000.0
003940,9000010039,ISSUED,Beacon Partners,500000.0
003941,9000010039,ISSUED,Diego Okafor,500000.0
003942,9000010039,ISSUED,Ironwood Holdings,500000.0
003943,9000010039,ISSUED,Harbor Trading Co,500000.0
003944,9000010039,ISSUED,Beacon Partners,500000.0
003945,9000010039,ISSUED,Harbor Trading Co,500000.0
003946,9000010039,ISSUED,Diego Okafor,500000.0
003947,9000010039,ISSUED,Harbor Trading Co,500000.0
003948,9000010039,ISSUED,Beacon Partners,500000.0
003949,9000010039,ISSUED,Ironwood Holdings,500000.0
004000,9000010040,ISSUED,Omar Novak,500000.0
004001,9000010040,ISSUED,Foundry Supplies,500000.0
004002,9000010040,ISSUED,Willow Holdings,500000.0
004003,9000010040,ISSUED,Willow Holdings,500000.0
004004,9000010040,ISSUED,Foundry Supplies,500000.0
004005,9000010040,ISSUED,Willow Holdings,500000.0
004006,9000010040,ISSUED,Willow Holdings,500000.0
004007,9000010040,ISSUED,Sofia Ahmed,500000.0
004008,9000010040,ISSUED,Sofia Ahmed,500000.0
004009,9000010040,ISSUED,Omar Novak,500000.0
004010,9000010040,ISSUED,Foundry Supplies,500000.0
004011,9000010040,ISSUED,Sofia Ahmed,500000.0
004012,9000010040,ISSUED,Sofia Ahmed,500000.0
004013,9000010040,ISSUED,Sofia Ahmed,500000.0
004014,9000010040,ISSUED,Sofia Ahmed,500000.0
004015,9000010040,ISSUED,Sofia Ahmed,500000.0
004016,9000010040,ISSUED,Foundry Supplies,500000.0
004017,9000010040,ISSUED,Willow Holdings,500000.0
004018,9000010040,ISSUED,Foundry Supplies,500000.0
004019,9000010040,ISSUED,Foundry Supplies,500000.0
004020,9000010040,ISSUED,Foundry Supplies,500000.0
004021,9000010040,ISSUED,Willow Holdings,500000.0
004022,9000010040,ISSUED,Foundry Supplies,500000.0
004023,9000010040,ISSUED,Omar Novak,500000.0
004024,9000010040,ISSUED,Omar Novak,500000.0
004025,9000010040,ISSUED,Willow Holdings,500000.0
004026,9000010040,ISSUED,Foundry Supplies,500000.0
004027,9000010040,ISSUED,Foundry Supplies,500000.0
004028,9000010040,ISSUED,Sofia Ahmed,500000.0
004029,9000010040,ISSUED,Omar Novak,500000.0
004030,9000010040,ISSUED,Sofia Ahmed,500000.0
004031,9000010040,ISSUED,Omar Novak,500000.0
004032,9000010040,ISSUED,Omar Novak,500000.0
004033,9000010040,ISSUED,Foundry Supplies,500000.0
004034,9000010040,ISSUED,Foundry Supplies,500000.0
004035,9000010040,ISSUED,Foundry Supplies,500000.0
004036,9000010040,ISSUED,Willow Holdings,500000.0
004037,9000010040,ISSUED,Willow Holdings,500000.0
004038,9000010040,ISSUED,Sofia Ahmed,500000.0
004039,9000010040,ISSUED,Foundry Supplies,500000.0
004040,9000010040,ISSUED,Foundry Supplies,500000.0
004041,9000010040,ISSUED,Sofia Ahmed,500000.0
004042,9000010040,ISSUED,Willow Holdings,500000.0
004043,9000010040,ISSUED,Omar Novak,500000.0
004044,9000010040,ISSUED,Foundry Supplies,500000.0
004045,9000010040,ISSUED,Sofia Ahmed,500000.0
004046,9000010040,ISSUED,Willow Holdings,500000.0
004047,9000010040,ISSUED,Sofia Ahmed,500000.0
004048,9000010040,ISSUED,Foundry Supplies,500000.0
004049,9000010040,ISSUED,Sofia Ahmed,500000.0
004100,9000010041,ISSUED,Foundry Supplies,500000.0
004101,9000010041,ISSUED,Omar Novak,500000.0
004102,9000010041,ISSUED,Ingrid Reyes,500000.0
004103,9000010041,ISSUED,Foundry Supplies,500000.0
004104,9000010041,ISSUED,Dara Reyes,500000.0
004105,9000010041,ISSUED,Foundry Supplies,500000.0
004106,9000010041,ISSUED,Ingrid Reyes,500000.0
004107,9000010041,ISSUED,Omar Novak,500000.0
004108,9000010041,ISSUED,Omar Novak,500000.0
004109,9000010041,ISSUED,Dara Reyes,500000.0
004110,9000010041,ISSUED,Omar Novak,500000.0
004111,9000010041,ISSUED,Foundry Supplies,500000.0
004112,9000010041,ISSUED,Foundry Supplies,500000.0
004113,9000010041,ISSUED,Omar Novak,500000.0
004114,9000010041,ISSUED,Ingrid Reyes,500000.0
004115,9000010041,ISSUED,Omar Novak,500000.0
004116,9000010041,ISSUED,Omar Novak,500000.0
004117,9000010041,ISSUED,Omar Novak,500000.0
004118,9000010041,ISSUED,Foundry Supplies,500000.0
004119,9000010041,ISSUED,Ingrid Reyes,500000.0
004120,9000010041,ISSUED,Dara Reyes,500000.0
004121,9000010041,ISSUED,Omar Novak,500000.0
004122,9000010041,ISSUED,Dara Reyes,500000.0
004123,9000010041,ISSUED,Dara Reyes,500000.0
004124,9000010041,ISSUED,Dara Reyes,500000.0
004125,9000010041,ISSUED,Omar Novak,500000.0
004126,9000010041,ISSUED,Omar Novak,500000.0
004127,9000010041,ISSUED,Foundry Supplies,500000.0
004128,9000010041,ISSUED,Dara Reyes,500000.0
004129,9000010041,ISSUED,Omar Novak,500000.0
004130,9000010041,ISSUED,Ingrid Reyes,500000.0
004131,9000010041,ISSUED,Dara Reyes,500000.0
004132,9000010041,ISSUED,Ingrid Reyes,500000.0
004133,9000010041,ISSUED,Dara Reyes,500000.0
004134,9000010041,ISSUED,Foundry Supplies,500000.0
004135,9000010041,ISSUED,Foundry Supplies,500000.0
004136,9000010041,ISSUED,Omar Novak,500000.0
004137,9000010041,ISSUED,Foundry Supplies,500000.0
004138,9000010041,ISSUED,Dara Reyes,500000.0
004139,9000010041,ISSUED,Dara Reyes,500000.0
004140,9000010041,ISSUED,Omar Novak,500000.0
004141,9000010041,ISSUED,Dara Reyes,500000.0
004142,9000010041,ISSUED,Ingrid Reyes,500000.0
004143,9000010041,ISSUED,Omar Novak,500000.0
004144,9000010041,ISSUED,Ingrid Reyes,500000.0
004145,9000010041,ISSUED,Foundry Supplies,500000.0
004146,9000010041,ISSUED,Omar Novak,500000.0
004147,9000010041,ISSUED,Ingrid Reyes,500000.0
004148,9000010041,ISSUED,Ingrid Reyes,500000.0
004149,9000010041,ISSUED,Ingrid Reyes,500000.0
004200,9000010042,ISSUED,Grace Rossi,500000.0
004201,9000010042,ISSUED,Sofia Ahmed,500000.0
004202,9000010042,ISSUED,Foundry Systems,500000.0
004203,9000010042,ISSUED,Grace Rossi,500000.0
004204,9000010042,ISSUED,Foundry Systems,500000.0
004205,9000010042,ISSUED,Foundry Systems,500000.0
004206,9000010042,ISSUED,Grace Rossi,500000.0
004207,9000010042,ISSUED,Foundry Systems,500000.0
004208,9000010042,ISSUED,Grace Rossi,500000.0
004209,9000010042,ISSUED,Grace Rossi,500000.0
004210,9000010042,ISSUED,Grace Rossi,500000.0
004211,9000010042,ISSUED,Sofia Ahmed,500000.0
004212,9000010042,ISSUED,Foundry Systems,500000.0
004213,9000010042,ISSUED,Grace Rossi,500000.0
004214,9000010042,ISSUED,Grace Rossi,500000.0
004215,9000010042,ISSUED,Kwame Johnson,500000.0
004216,9000010042,ISSUED,Sofia Ahmed,500000.0
004217,9000010042,ISSUED,Grace Rossi,500000.0
004218,9000010042,ISSUED,Sofia Ahmed,500000.0
004219,9000010042,ISSUED,Grace Rossi,500000.0
004220,9000010042,ISSUED,Foundry Systems,500000.0
004221,9000010042,ISSUED,Grace Rossi,500000.0
004222,9000010042,ISSUED,Grace Rossi,500000.0
004223,9000010042,ISSUED,Kwame Johnson,500000.0
004224,9000010042,ISSUED,Foundry Systems,500000.0
004225,9000010042,ISSUED,Kwame Johnson,500000.0
004226,9000010042,ISSUED,Sofia Ahmed,500000.0
004227,9000010042,ISSUED,Grace Rossi,500000.0
004228,9000010042,ISSUED,Sofia Ahmed,500000.0
004229,9000010042,ISSUED,Foundry Systems,500000.0
004230,9000010042,ISSUED,Foundry Systems,500000.0
004231,9000010042,ISSUED,Sofia Ahmed,500000.0
004232,9000010042,ISSUED,Kwame Johnson,500000.0
004233,9000010042,ISSUED,Foundry Systems,500000.0
004234,9000010042,ISSUED,Sofia Ahmed,500000.0
004235,9000010042,ISSUED,Kwame Johnson,500000.0
004236,9000010042,ISSUED,Sofia Ahmed,500000.0
004237,9000010042,ISSUED,Foundry Systems,500000.0
004238,9000010042,ISSUED,Sofia Ahmed,500000.0
004239,9000010042,ISSUED,Foundry Systems,500000.0
004240,9000010042,ISSUED,Sofia Ahmed,500000.0
004241,9000010042,ISSUED,Foundry Systems,500000.0
004242,9000010042,ISSUED,Kwame Johnson,500000.0
004243,9000010042,ISSUED,Sofia Ahmed,500000.0
004244,9000010042,ISSUED,Kwame Johnson,500000.0
004245,9000010042,ISSUED,Grace Rossi,500000.0
004246,9000010042,ISSUED,Sofia Ahmed,500000.0
004247,9000010042,ISSUED,Sofia Ahmed,500000.0
004248,9000010042,ISSUED,Sofia Ahmed,500000.0
004249,9000010042,ISSUED,Foundry Systems,500000.0
004300,9000010043,ISSUED,Foundry Supplies,500000.0
004301,9000010043,ISSUED,Fatima Petrov,500000.0
004302,9000010043,ISSUED,Foundry Supplies,500000.0
004303,9000010043,ISSUED,Fatima Petrov,500000.0
004304,9000010043,ISSUED,Foundry Supplies,500000.0
004305,9000010043,ISSUED,Fatima Petrov,500000.0
004306,9000010043,ISSUED,Dara Reyes,500000.0
004307,9000010043,ISSUED,Kwame Johnson,500000.0
004308,9000010043,ISSUED,Dara Reyes,500000.0
004309,9000010043,ISSUED,Kwame Johnson,500000.0
004310,9000010043,ISSUED,Kwame Johnson,500000.0
004311,9000010043,ISSUED,Kwame Johnson,500000.0
004312,9000010043,ISSUED,Foundry Supplies,500000.0
004313,9000010043,ISSUED,Dara Reyes,500000.0
004314,9000010043,ISSUED,Dara Reyes,500000.0
004315,9000010043,ISSUED,Fatima Petrov,500000.0
004316,9000010043,ISSUED,Foundry Supplies,500000.0
004317,9000010043,ISSUED,Foundry Supplies,500000.0
004318,9000010043,ISSUED,Foundry Supplies,500000.0
004319,9000010043,ISSUED,Kwame Johnson,500000.0
004320,9000010043,ISSUED,Fatima Petrov,500000.0
004321,9000010043,ISSUED,Fatima Petrov,500000.0
004322,9000010043,ISSUED,Foundry Supplies,500000.0
004323,9000010043,ISSUED,Dara Reyes,500000.0
004324,9000010043,ISSUED,Fatima Petrov,500000.0
004325,9000010043,ISSUED,Kwame Johnson,500000.0
004326,9000010043,ISSUED,Kwame Johnson,500000.0
004327,9000010043,ISSUED,Kwame Johnson,500000.0
004328,9000010043,ISSUED,Fatima Petrov,500000.0
004329,9000010043,ISSUED,Foundry Supplies,500000.0
004330,9000010043,ISSUED,Foundry Supplies,500000.0
004331,9000010043,ISSUED,Foundry Supplies,500000.0
004332,9000010043,ISSUED,Foundry Supplies,500000.0
004333,9000010043,ISSUED,Kwame Johnson,500000.0
004334,9000010043,ISSUED,Kwame Johnson,500000.0
004335,9000010043,ISSUED,Dara Reyes,500000.0
004336,9000010043,ISSUED,Dara Reyes,500000.0
004337,9000010043,ISSUED,Kwame Johnson,500000.0
004338,9000010043,ISSUED,Fatima Petrov,500000.0
004339,9000010043,ISSUED,Foundry Supplies,500000.0
004340,9000010043,ISSUED,Foundry Supplies,500000.0
004341,9000010043,ISSUED,Foundry Supplies,500000.0
004342,9000010043,ISSUED,Foundry Supplies,500000.0
004343,9000010043,ISSUED,Foundry Supplies,500000.0
004344,9000010043,ISSUED,Kwame Johnson,500000.0
004345,9000010043,ISSUED,Foundry Supplies,500000.0
004346,9000010043,ISSUED,Kwame Johnson,500000.0
004347,9000010043,ISSUED,Kwame Johnson,500000.0
004348,9000010043,ISSUED,Dara Reyes,500000.0
004349,9000010043,ISSUED,Dara Reyes,500000.0
004400,9000010044,ISSUED,Fatima Petrov,500000.0
004401,9000010044,ISSUED,Foundry Systems,500000.0
004402,9000010044,ISSUED,Sofia Ahmed,500000.0
004403,9000010044,ISSUED,Foundry Systems,500000.0
004404,9000010044,ISSUED,Foundry Systems,500000.0
004405,9000010044,ISSUED,Foundry Systems,500000.0
004406,9000010044,ISSUED,Maple Supplies,500000.0
004407,9000010044,ISSUED,Fatima Petrov,500000.0
004408,9000010044,ISSUED,Fatima Petrov,500000.0
004409,9000010044,ISSUED,Foundry Systems,500000.0
004410,9000010044,ISSUED,Sofia Ahmed,500000.0
004411,9000010044,ISSUED,Foundry Systems,500000.0
004412,9000010044,ISSUED,Foundry Systems,500000.0
004413,9000010044,ISSUED,Maple Supplies,500000.0
004414,9000010044,ISSUED,Sofia Ahmed,500000.0
004415,9000010044,ISSUED,Fatima Petrov,500000.0
004416,9000010044,ISSUED,Sofia Ahmed,500000.0
004417,9000010044,ISSUED,Sofia Ahmed,500000.0
004418,9000010044,ISSUED,Foundry Systems,500000.0
004419,9000010044,ISSUED,Sofia Ahmed,500000.0
004420,9000010044,ISSUED,Foundry Systems,500000.0
004421,9000010044,ISSUED,Foundry Systems,500000.0
004422,9000010044,ISSUED,Foundry Systems,500000.0
004423,9000010044,ISSUED,Maple Supplies,500000.0
004424,9000010044,ISSUED,Sofia Ahmed,500000.0
004425,9000010044,ISSUED,Maple Supplies,500000.0
004426,9000010044,ISSUED,Foundry Systems,500000.0
004427,9000010044,ISSUED,Foundry Systems,500000.0
004428,9000010044,ISSUED,Sofia Ahmed,500000.0
004429,9000010044,ISSUED,Sofia Ahmed,500000.0
004430,9000010044,ISSUED,Foundry Systems,500000.0
004431,9000010044,ISSUED,Fatima Petrov,500000.0
004432,9000010044,ISSUED,Fatima Petrov,500000.0
004433,9000010044,ISSUED,Maple Supplies,500000.0
004434,9000010044,ISSUED,Fatima Petrov,500000.0
004435,9000010044,ISSUED,Foundry Systems,500000.0
004436,9000010044,ISSUED,Foundry Systems,500000.0
004437,9000010044,ISSUED,Maple Supplies,500000.0
004438,9000010044,ISSUED,Maple Supplies,500000.0
004439,9000010044,ISSUED,Fatima Petrov,500000.0
004440,9000010044,ISSUED,Sofia Ahmed,500000.0
004441,9000010044,ISSUED,Foundry Systems,500000.0
004442,9000010044,ISSUED,Foundry Systems,500000.0
004443,9000010044,ISSUED,Sofia Ahmed,500000.0
004444,9000010044,ISSUED,Foundry Systems,500000.0
004445,9000010044,ISSUED,Foundry Systems,500000.0
004446,9000010044,ISSUED,Fatima Petrov,500000.0
004447,9000010044,ISSUED,Maple Supplies,500000.0
004448,9000010044,ISSUED,Sofia Ahmed,500000.0
004449,9000010044,ISSUED,Sofia Ahmed,500000.0
004500,9000010045,ISSUED,Sofia Ahmed,500000.0
004501,9000010045,ISSUED,Omar Novak,500000.0
004502,9000010045,ISSUED,Maple Supplies,500000.0
004503,9000010045,ISSUED,Omar Novak,500000.0
004504,9000010045,ISSUED,Omar Novak,500000.0
004505,9000010045,ISSUED,Sofia Ahmed,500000.0
004506,9000010045,ISSUED,Ironwood Holdings,500000.0
004507,9000010045,ISSUED,Ironwood Holdings,500000.0
004508,9000010045,ISSUED,Maple Supplies,500000.0
004509,9000010045,ISSUED,Omar Novak,500000.0
004510,9000010045,ISSUED,Ironwood Holdings,500000.0
004511,9000010045,ISSUED,Ironwood Holdings,500000.0
004512,9000010045,ISSUED,Ironwood Holdings,500000.0
004513,9000010045,ISSUED,Maple Supplies,500000.0
004514,9000010045,ISSUED,Maple Supplies,500000.0
004515,9000010045,ISSUED,Maple Supplies,500000.0
004516,9000010045,ISSUED,Omar Novak,500000.0
004517,9000010045,ISSUED,Maple Supplies,500000.0
004518,9000010045,ISSUED,Omar Novak,500000.0
004519,9000010045,ISSUED,Sofia Ahmed,500000.0
004520,9000010045,ISSUED,Omar Novak,500000.0
004521,9000010045,ISSUED,Ironwood Holdings,500000.0
004522,9000010045,ISSUED,Sofia Ahmed,500000.0
004523,9000010045,ISSUED,Sofia Ahmed,500000.0
004524,9000010045,ISSUED,Ironwood Holdings,500000.0
004525,9000010045,ISSUED,Omar Novak,500000.0
004526,9000010045,ISSUED,Omar Novak,500000.0
004527,9000010045,ISSUED,Sofia Ahmed,500000.0
004528,9000010045,ISSUED,Omar Novak,500000.0
004529,9000010045,ISSUED,Omar Novak,500000.0
004530,9000010045,ISSUED,Sofia Ahmed,500000.0
004531,9000010045,ISSUED,Sofia Ahmed,500000.0
004532,9000010045,ISSUED,Maple Supplies,500000.0
004533,9000010045,ISSUED,Maple Supplies,500000.0
004534,9000010045,ISSUED,Omar Novak,500000.0
004535,9000010045,ISSUED,Omar Novak,500000.0
004536,9000010045,ISSUED,Ironwood Holdings,500000.0
004537,9000010045,ISSUED,Maple Supplies,500000.0
004538,9000010045,ISSUED,Sofia Ahmed,500000.0
004539,9000010045,ISSUED,Sofia Ahmed,500000.0
004540,9000010045,ISSUED,Ironwood Holdings,500000.0
004541,9000010045,ISSUED,Ironwood Holdings,500000.0
004542,9000010045,ISSUED,Maple Supplies,500000.0
004543,9000010045,ISSUED,Omar Novak,500000.0
004544,9000010045,ISSUED,Sofia Ahmed,500000.0
004545,9000010045,ISSUED,Ironwood Holdings,500000.0
004546,9000010045,ISSUED,Omar Novak,500000.0
004547,9000010045,ISSUED,Omar Novak,500000.0
004548,9000010045,ISSUED,Omar Novak,500000.0
004549,9000010045,ISSUED,Sofia Ahmed,500000.0
